DATE;GEN_PLAN;GEN_FACT;E_USE_FACT;PREDICTION
01.11.2018 0:00:00;26174;26204;25020;26425
01.11.2018 0:00:00;25968;25997;24568;26196
01.11.2018 0:00:00;26064;26158;24528;26545
01.11.2018 0:00:00;26551;26588;24872;26917
01.11.2018 0:00:00;27660;27786;25944;28388
01.11.2018 0:00:00;30257;30307;28056;30708
01.11.2018 0:00:00;30924;30944;29455;31436
01.11.2018 0:00:00;31841;32437;31280;33393
01.11.2018 0:00:00;32445;32980;32006;33804
01.11.2018 0:00:00;31874;32740;32135;33812
01.11.2018 0:00:00;31926;32352;31596;33248
01.11.2018 0:00:00;31980;32406;31651;33118
01.11.2018 0:00:00;32053;32705;32039;33640
01.11.2018 0:00:00;32021;32410;31863;33035
01.11.2018 0:00:00;31840;32223;31957;32938
01.11.2018 0:00:00;32375;32485;32246;32998
01.11.2018 0:00:00;33292;33544;32707;34044
01.11.2018 0:00:00;32758;33205;32416;33848
01.11.2018 0:00:00;32374;32568;31717;33187
01.11.2018 0:00:00;31176;31962;30846;32999
01.11.2018 0:00:00;31020;31641;29751;32705
01.11.2018 0:00:00;28433;28649;27907;29156
01.11.2018 0:00:00;27099;27715;26035;28512
01.11.2018 0:00:00;26289;26403;25123;26838
02.11.2018 0:00:00;25938;25175;24395;24712
02.11.2018 0:00:00;25923;25128;23996;24618
02.11.2018 0:00:00;26154;25796;23998;25785
02.11.2018 0:00:00;26407;26113;24532;26318
02.11.2018 0:00:00;27972;28054;25609;28365
02.11.2018 0:00:00;30371;30434;27515;30785
02.11.2018 0:00:00;31076;30634;29035;30617
02.11.2018 0:00:00;31961;32505;30945;33170
02.11.2018 0:00:00;32527;32524;31615;32841
02.11.2018 0:00:00;32219;32888;31749;33879
02.11.2018 0:00:00;32098;32720;30960;33823
02.11.2018 0:00:00;32164;32329;30659;32635
02.11.2018 0:00:00;32187;32348;30890;32805
02.11.2018 0:00:00;31884;31928;30662;32352
02.11.2018 0:00:00;31686;31753;30443;32217
02.11.2018 0:00:00;32080;32110;31058;32471
02.11.2018 0:00:00;32889;33533;32160;34358
02.11.2018 0:00:00;32678;33313;31938;34152
02.11.2018 0:00:00;32324;32271;31195;32627
02.11.2018 0:00:00;31172;31482;30579;32071
02.11.2018 0:00:00;29825;30281;29339;31067
02.11.2018 0:00:00;28560;29031;27860;29741
02.11.2018 0:00:00;27346;27939;26418;28634
02.11.2018 0:00:00;26484;26448;25227;26565
03.11.2018 0:00:00;25970;26146;24499;26576
03.11.2018 0:00:00;25598;25716;23907;26009
03.11.2018 0:00:00;25413;25479;23722;25648
03.11.2018 0:00:00;25857;25634;23877;25840
03.11.2018 0:00:00;26630;26697;24430;27060
03.11.2018 0:00:00;28041;28021;25380;28378
03.11.2018 0:00:00;29079;28422;25902;28071
03.11.2018 0:00:00;29337;29367;27424;29851
03.11.2018 0:00:00;29587;29637;28672;30163
03.11.2018 0:00:00;29669;29683;29017;30063
03.11.2018 0:00:00;29667;29728;29002;30175
03.11.2018 0:00:00;29680;29764;29225;30037
03.11.2018 0:00:00;29698;29789;29056;30174
03.11.2018 0:00:00;29838;29969;29267;30331
03.11.2018 0:00:00;30527;30644;29562;30935
03.11.2018 0:00:00;31592;31468;30290;31577
03.11.2018 0:00:00;32286;32335;30855;32565
03.11.2018 0:00:00;31829;31945;30580;32203
03.11.2018 0:00:00;31214;31363;29856;31896
03.11.2018 0:00:00;30931;30558;29265;30527
03.11.2018 0:00:00;29839;29866;28580;30149
03.11.2018 0:00:00;27806;27855;27122;28292
03.11.2018 0:00:00;27110;27158;25606;27559
03.11.2018 0:00:00;25420;25242;24740;25277
04.11.2018 0:00:00;25071;25098;23982;25442
04.11.2018 0:00:00;24645;24675;23491;25118
04.11.2018 0:00:00;24499;24549;23476;24815
04.11.2018 0:00:00;24508;24539;23439;24954
04.11.2018 0:00:00;25258;25312;24225;25770
04.11.2018 0:00:00;25994;26291;24672;26839
04.11.2018 0:00:00;27248;27067;24744;27117
04.11.2018 0:00:00;28509;28349;26155;28460
04.11.2018 0:00:00;28575;28623;27191;28838
04.11.2018 0:00:00;28571;28666;27709;28866
04.11.2018 0:00:00;28635;28831;27810;29288
04.11.2018 0:00:00;28692;29341;27733;30139
04.11.2018 0:00:00;28886;29517;27700;30600
04.11.2018 0:00:00;28898;29505;27857;30364
04.11.2018 0:00:00;29316;29979;27883;31073
04.11.2018 0:00:00;30264;30910;29061;31667
04.11.2018 0:00:00;31011;31758;30085;32822
04.11.2018 0:00:00;30619;31175;29923;32080
04.11.2018 0:00:00;30469;30493;29116;30730
04.11.2018 0:00:00;29896;29905;29009;30121
04.11.2018 0:00:00;27642;27714;28230;28192
04.11.2018 0:00:00;27018;27097;26678;27426
04.11.2018 0:00:00;26368;26460;25525;26974
04.11.2018 0:00:00;25565;25612;24750;25957
05.11.2018 0:00:00;25372;25332;24004;25771
05.11.2018 0:00:00;24990;25066;23769;25397
05.11.2018 0:00:00;24645;24741;23465;25205
05.11.2018 0:00:00;24741;24818;23756;25280
05.11.2018 0:00:00;25621;25685;24512;26014
05.11.2018 0:00:00;26066;25926;25258;25962
05.11.2018 0:00:00;27753;27831;25347;28228
05.11.2018 0:00:00;29501;29657;27581;30282
05.11.2018 0:00:00;29664;30309;28587;31108
05.11.2018 0:00:00;30095;30247;28760;30525
05.11.2018 0:00:00;30094;30143;28819;30639
05.11.2018 0:00:00;29996;30038;28671;30328
05.11.2018 0:00:00;30079;30088;28783;30310
05.11.2018 0:00:00;30091;30123;28784;30364
05.11.2018 0:00:00;30555;30781;28957;31293
05.11.2018 0:00:00;31260;31721;29867;32558
05.11.2018 0:00:00;32061;32217;31406;32763
05.11.2018 0:00:00;31971;32445;31135;33020
05.11.2018 0:00:00;31380;31488;30400;31982
05.11.2018 0:00:00;31104;31231;30060;31812
05.11.2018 0:00:00;29597;29682;28817;30129
05.11.2018 0:00:00;28139;28055;27427;28338
05.11.2018 0:00:00;26281;26823;25993;27610
05.11.2018 0:00:00;25770;25797;25148;26219
06.11.2018 0:00:00;25230;25238;24339;25380
06.11.2018 0:00:00;25214;25241;24229;25372
06.11.2018 0:00:00;25266;25314;24139;25586
06.11.2018 0:00:00;25864;25889;24464;26209
06.11.2018 0:00:00;27026;26959;26000;26995
06.11.2018 0:00:00;29806;30304;28282;31010
06.11.2018 0:00:00;30597;31907;29526;33419
06.11.2018 0:00:00;32226;32547;31553;33310
06.11.2018 0:00:00;32907;33326;32027;33889
06.11.2018 0:00:00;32688;33229;31831;33873
06.11.2018 0:00:00;32161;32250;31243;32662
06.11.2018 0:00:00;32000;32019;31256;32387
06.11.2018 0:00:00;31935;32207;31339;32772
06.11.2018 0:00:00;31872;32243;31060;32954
06.11.2018 0:00:00;32009;32105;31329;32422
06.11.2018 0:00:00;33089;33258;31960;33783
06.11.2018 0:00:00;33626;34224;32555;35160
06.11.2018 0:00:00;33168;33321;32443;33731
06.11.2018 0:00:00;32457;32553;31957;32967
06.11.2018 0:00:00;31522;31608;31398;31855
06.11.2018 0:00:00;30858;31151;29733;31706
06.11.2018 0:00:00;28509;28629;27936;29040
06.11.2018 0:00:00;27242;27338;26507;27917
06.11.2018 0:00:00;25634;25659;25465;25984
07.11.2018 0:00:00;25621;25779;24805;26137
07.11.2018 0:00:00;25076;25129;24581;25329
07.11.2018 0:00:00;25145;25222;24454;25467
07.11.2018 0:00:00;25791;25846;24745;26153
07.11.2018 0:00:00;27331;27470;25934;27909
07.11.2018 0:00:00;29732;30094;28522;30897
07.11.2018 0:00:00;30852;30998;29820;31489
07.11.2018 0:00:00;31867;32401;31683;33342
07.11.2018 0:00:00;32367;32133;32025;32020
07.11.2018 0:00:00;32051;32202;32167;32470
07.11.2018 0:00:00;31502;32238;31512;33106
07.11.2018 0:00:00;31622;31745;31219;32214
07.11.2018 0:00:00;31619;31685;31459;31991
07.11.2018 0:00:00;31601;31690;31344;31986
07.11.2018 0:00:00;31423;31676;31271;32265
07.11.2018 0:00:00;32501;32888;32121;33458
07.11.2018 0:00:00;32725;33398;32973;34530
07.11.2018 0:00:00;32671;32734;32631;33197
07.11.2018 0:00:00;31676;32326;31827;33419
07.11.2018 0:00:00;30883;31690;31148;32861
07.11.2018 0:00:00;30148;30914;30089;32142
07.11.2018 0:00:00;28257;29342;28110;30839
07.11.2018 0:00:00;26558;27751;26401;29333
07.11.2018 0:00:00;25892;26495;25332;27416
08.11.2018 0:00:00;24835;24883;24784;25093
08.11.2018 0:00:00;24420;24467;24657;24665
08.11.2018 0:00:00;24571;24643;24295;24997
08.11.2018 0:00:00;25656;25712;24792;26256
08.11.2018 0:00:00;27470;27559;25966;28100
08.11.2018 0:00:00;29783;30385;28394;31473
08.11.2018 0:00:00;30283;30514;29828;31030
08.11.2018 0:00:00;31150;31816;31636;32848
08.11.2018 0:00:00;31618;32274;32500;33333
08.11.2018 0:00:00;31549;32091;32447;32741
08.11.2018 0:00:00;30933;31547;31991;32656
08.11.2018 0:00:00;31168;31924;32139;32835
08.11.2018 0:00:00;31193;32058;32120;33266
08.11.2018 0:00:00;31040;31615;32101;32655
08.11.2018 0:00:00;30951;31729;32294;32992
08.11.2018 0:00:00;32239;32842;32697;33828
08.11.2018 0:00:00;32402;33289;33107;34395
08.11.2018 0:00:00;32243;33064;32697;34043
08.11.2018 0:00:00;31345;32061;31765;33146
08.11.2018 0:00:00;30508;31142;31397;32036
08.11.2018 0:00:00;29939;30052;30195;30630
08.11.2018 0:00:00;28385;28749;28035;29360
08.11.2018 0:00:00;26698;26697;26700;27118
08.11.2018 0:00:00;25524;25895;25623;26731
09.11.2018 0:00:00;25257;25580;24621;26245
09.11.2018 0:00:00;24508;24397;24417;24699
09.11.2018 0:00:00;24552;24416;24315;24442
09.11.2018 0:00:00;25752;25924;24758;26246
09.11.2018 0:00:00;26765;26710;26072;27039
09.11.2018 0:00:00;29418;29762;28621;30217
09.11.2018 0:00:00;29951;30049;29785;30397
09.11.2018 0:00:00;30790;31780;31746;32981
09.11.2018 0:00:00;31489;32164;32514;33132
09.11.2018 0:00:00;30884;31623;32482;32578
09.11.2018 0:00:00;30858;31398;31988;32145
09.11.2018 0:00:00;30992;31655;32174;32603
09.11.2018 0:00:00;31080;31616;32424;32518
09.11.2018 0:00:00;30851;31670;32265;32706
09.11.2018 0:00:00;30614;31570;32265;32880
09.11.2018 0:00:00;31740;32588;32967;33655
09.11.2018 0:00:00;32506;32767;33164;33285
09.11.2018 0:00:00;32123;32868;32680;33992
09.11.2018 0:00:00;31155;31910;32044;32819
09.11.2018 0:00:00;30599;31261;31269;32376
09.11.2018 0:00:00;29833;29953;30405;30367
09.11.2018 0:00:00;28178;28276;28437;28782
09.11.2018 0:00:00;26722;26795;26776;27354
09.11.2018 0:00:00;25705;25754;25956;26117
10.11.2018 0:00:00;25103;25421;25201;26008
10.11.2018 0:00:00;24946;24990;24731;25376
10.11.2018 0:00:00;24651;24772;24582;25384
10.11.2018 0:00:00;24764;24860;24710;25083
10.11.2018 0:00:00;25322;25427;25335;25924
10.11.2018 0:00:00;26752;26802;26161;27018
10.11.2018 0:00:00;27747;27785;26852;28125
10.11.2018 0:00:00;28772;28851;28574;29178
10.11.2018 0:00:00;29377;29471;29904;30032
10.11.2018 0:00:00;29497;29617;30418;29900
10.11.2018 0:00:00;29411;29575;30381;30071
10.11.2018 0:00:00;29567;29698;30545;29957
10.11.2018 0:00:00;29517;29691;30451;30253
10.11.2018 0:00:00;29306;29475;30540;29919
10.11.2018 0:00:00;30110;29990;30775;30015
10.11.2018 0:00:00;30873;31020;31866;31318
10.11.2018 0:00:00;31333;31825;31920;32697
10.11.2018 0:00:00;31160;31608;31774;32442
10.11.2018 0:00:00;30495;30609;30935;30959
10.11.2018 0:00:00;29643;29944;30469;30463
10.11.2018 0:00:00;28922;29174;29674;29738
10.11.2018 0:00:00;26846;26882;28305;27029
10.11.2018 0:00:00;26205;26503;27010;27208
10.11.2018 0:00:00;25414;25510;26054;26033
11.11.2018 0:00:00;25013;25099;25038;25553
11.11.2018 0:00:00;24732;24868;24784;25481
11.11.2018 0:00:00;24646;24759;24618;25276
11.11.2018 0:00:00;24660;24699;24627;25220
11.11.2018 0:00:00;25111;25230;25220;25714
11.11.2018 0:00:00;25770;25897;26125;26433
11.11.2018 0:00:00;27251;27362;26276;27735
11.11.2018 0:00:00;28796;28859;28048;29250
11.11.2018 0:00:00;29292;29390;29247;29911
11.11.2018 0:00:00;29343;29476;29762;30073
11.11.2018 0:00:00;28656;29331;29969;30480
11.11.2018 0:00:00;29379;29721;29688;30457
11.11.2018 0:00:00;29454;29820;29820;30615
11.11.2018 0:00:00;29589;29716;29785;30002
11.11.2018 0:00:00;30459;30650;30077;31192
11.11.2018 0:00:00;31026;31281;31596;31931
11.11.2018 0:00:00;31476;32366;32446;33706
11.11.2018 0:00:00;31536;32253;32372;33167
11.11.2018 0:00:00;30521;31617;31688;33187
11.11.2018 0:00:00;29884;31145;31323;32758
11.11.2018 0:00:00;28618;28759;29919;29381
11.11.2018 0:00:00;27945;28043;28713;28346
11.11.2018 0:00:00;26409;26508;26912;26860
11.11.2018 0:00:00;26247;26308;26180;26630
12.11.2018 0:00:00;26249;26160;25389;26493
12.11.2018 0:00:00;25823;25749;25107;25822
12.11.2018 0:00:00;25796;25706;25175;25913
12.11.2018 0:00:00;26485;26412;25508;26546
12.11.2018 0:00:00;27446;27258;26940;27503
12.11.2018 0:00:00;30043;29475;29161;29194
12.11.2018 0:00:00;30736;30841;30974;31258
12.11.2018 0:00:00;31783;32613;32969;33683
12.11.2018 0:00:00;32743;33373;33908;34149
12.11.2018 0:00:00;32405;32527;33664;33029
12.11.2018 0:00:00;31831;32611;33142;33672
12.11.2018 0:00:00;32144;32799;33131;33591
12.11.2018 0:00:00;32384;32452;33059;32644
12.11.2018 0:00:00;31785;31808;32887;32305
12.11.2018 0:00:00;31930;31968;32838;32278
12.11.2018 0:00:00;33020;33766;33917;34766
12.11.2018 0:00:00;33512;33987;34600;34765
12.11.2018 0:00:00;33135;33980;34209;35289
12.11.2018 0:00:00;32186;32704;33655;33692
12.11.2018 0:00:00;31407;32079;32976;33224
12.11.2018 0:00:00;30257;30743;31652;31696
12.11.2018 0:00:00;29170;28907;29625;28991
12.11.2018 0:00:00;27800;27927;28085;28451
12.11.2018 0:00:00;27311;27618;26997;28109
13.11.2018 0:00:00;26973;27025;26217;27559
13.11.2018 0:00:00;26459;26582;25999;26887
13.11.2018 0:00:00;26471;26589;25859;27037
13.11.2018 0:00:00;27478;27505;26420;27904
13.11.2018 0:00:00;28379;28220;27571;28343
13.11.2018 0:00:00;30595;30621;30330;30998
13.11.2018 0:00:00;31739;31935;31936;32483
13.11.2018 0:00:00;32443;33274;33497;34493
13.11.2018 0:00:00;33499;33899;34392;34624
13.11.2018 0:00:00;33286;33707;34101;34568
13.11.2018 0:00:00;32754;33144;33722;33693
13.11.2018 0:00:00;32859;33189;33528;33866
13.11.2018 0:00:00;32958;33209;33588;33949
13.11.2018 0:00:00;32724;33162;33414;33766
13.11.2018 0:00:00;32696;33023;33706;33569
13.11.2018 0:00:00;32735;33514;34609;34636
13.11.2018 0:00:00;33716;34304;35014;35228
13.11.2018 0:00:00;33638;34179;34721;35087
13.11.2018 0:00:00;32408;32512;33794;32924
13.11.2018 0:00:00;30955;31135;33051;31735
13.11.2018 0:00:00;30619;30736;31923;31242
13.11.2018 0:00:00;29142;29296;29939;29678
13.11.2018 0:00:00;27994;28095;28305;28478
13.11.2018 0:00:00;26755;26847;27101;27230
14.11.2018 0:00:00;26475;26280;26621;26527
14.11.2018 0:00:00;25805;25611;26262;25891
14.11.2018 0:00:00;25982;25867;26273;26130
14.11.2018 0:00:00;26824;26662;26570;26991
14.11.2018 0:00:00;28457;28322;27980;28321
14.11.2018 0:00:00;30175;30015;30456;30337
14.11.2018 0:00:00;30784;30891;31706;31256
14.11.2018 0:00:00;32108;32869;33657;33980
14.11.2018 0:00:00;33021;33500;34471;34133
14.11.2018 0:00:00;32568;33262;34218;34420
14.11.2018 0:00:00;32516;32877;33848;33735
14.11.2018 0:00:00;32608;32604;33819;32900
14.11.2018 0:00:00;32761;32780;33860;33133
14.11.2018 0:00:00;32542;32628;33949;33005
14.11.2018 0:00:00;32141;32904;34101;33918
14.11.2018 0:00:00;33133;34113;34838;35356
14.11.2018 0:00:00;33502;34409;34939;35772
14.11.2018 0:00:00;33089;33220;34453;33787
14.11.2018 0:00:00;31884;31993;33770;32474
14.11.2018 0:00:00;31118;31239;33024;31808
14.11.2018 0:00:00;29814;30092;31462;30857
14.11.2018 0:00:00;28944;29030;29771;29458
14.11.2018 0:00:00;27292;27365;28180;27806
14.11.2018 0:00:00;27158;27194;26933;27633
15.11.2018 0:00:00;26614;26498;26298;26782
15.11.2018 0:00:00;26481;26263;26006;26148
15.11.2018 0:00:00;26484;26250;25925;26420
15.11.2018 0:00:00;27143;26924;26299;27174
15.11.2018 0:00:00;28089;28149;27752;28616
15.11.2018 0:00:00;30556;30647;30152;31056
15.11.2018 0:00:00;31132;31404;31556;32158
15.11.2018 0:00:00;31833;32085;33559;32684
15.11.2018 0:00:00;32509;32576;34020;32862
15.11.2018 0:00:00;31861;32004;33866;32567
15.11.2018 0:00:00;31333;31426;33452;31907
15.11.2018 0:00:00;31356;31454;33219;31922
15.11.2018 0:00:00;31492;31531;33079;32062
15.11.2018 0:00:00;31277;31376;33374;31862
15.11.2018 0:00:00;31422;31646;33511;32060
15.11.2018 0:00:00;32381;32301;34059;32371
15.11.2018 0:00:00;32609;33282;34670;34288
15.11.2018 0:00:00;32357;32809;34174;33459
15.11.2018 0:00:00;31593;32375;33375;33321
15.11.2018 0:00:00;31000;31656;32923;32674
15.11.2018 0:00:00;30826;31686;31814;32767
15.11.2018 0:00:00;28421;28561;29833;28916
15.11.2018 0:00:00;27555;27655;28224;27868
15.11.2018 0:00:00;26278;26378;27074;26977
16.11.2018 0:00:00;26459;26486;26484;26675
16.11.2018 0:00:00;25902;25934;26352;26086
16.11.2018 0:00:00;26060;26155;26077;26528
16.11.2018 0:00:00;26643;26764;26599;27076
16.11.2018 0:00:00;27761;27910;28073;28290
16.11.2018 0:00:00;30154;30561;30385;31257
16.11.2018 0:00:00;30964;31468;31756;32201
16.11.2018 0:00:00;31713;31980;33462;32365
16.11.2018 0:00:00;32360;32508;34104;33045
16.11.2018 0:00:00;31664;32770;33869;34282
16.11.2018 0:00:00;31307;32367;33437;33769
16.11.2018 0:00:00;31247;31988;33146;32967
16.11.2018 0:00:00;31305;31988;32919;33148
16.11.2018 0:00:00;31122;32076;33077;33246
16.11.2018 0:00:00;31130;32085;33255;33293
16.11.2018 0:00:00;32029;32554;33973;33440
16.11.2018 0:00:00;32546;33322;34498;34200
16.11.2018 0:00:00;32294;32901;34319;33853
16.11.2018 0:00:00;31521;31692;33490;31998
16.11.2018 0:00:00;30636;30858;32732;31207
16.11.2018 0:00:00;30442;30655;31785;31072
16.11.2018 0:00:00;29100;29313;30155;29673
16.11.2018 0:00:00;27034;27279;28524;27816
16.11.2018 0:00:00;26292;26318;27214;26691
17.11.2018 0:00:00;26215;25990;26609;26181
17.11.2018 0:00:00;25904;25944;26239;26356
17.11.2018 0:00:00;26165;26205;26115;26483
17.11.2018 0:00:00;26203;26262;26383;26516
17.11.2018 0:00:00;26265;26350;27072;26832
17.11.2018 0:00:00;27939;27987;27953;28464
17.11.2018 0:00:00;29416;29444;28792;29707
17.11.2018 0:00:00;29944;30423;30429;31355
17.11.2018 0:00:00;30290;30919;31451;31991
17.11.2018 0:00:00;30546;31075;31679;31714
17.11.2018 0:00:00;30541;30965;31552;31818
17.11.2018 0:00:00;30300;30559;31350;31120
17.11.2018 0:00:00;30284;30758;31374;31636
17.11.2018 0:00:00;30215;30672;31170;31548
17.11.2018 0:00:00;31480;32013;31705;32902
17.11.2018 0:00:00;32128;32867;32732;33988
17.11.2018 0:00:00;32325;32807;33049;33439
17.11.2018 0:00:00;31973;32170;32863;32483
17.11.2018 0:00:00;31205;31363;32124;31701
17.11.2018 0:00:00;30073;30091;31562;30508
17.11.2018 0:00:00;29151;29190;30794;29581
17.11.2018 0:00:00;27901;27924;29261;28076
17.11.2018 0:00:00;27277;26750;28001;26353
17.11.2018 0:00:00;26394;26775;26876;27438
18.11.2018 0:00:00;26384;26641;26093;27179
18.11.2018 0:00:00;26914;27220;25729;27958
18.11.2018 0:00:00;26930;26912;25636;27331
18.11.2018 0:00:00;25389;25079;25783;25137
18.11.2018 0:00:00;25984;25637;26347;25457
18.11.2018 0:00:00;26714;26209;27117;26100
18.11.2018 0:00:00;28125;28115;27638;28378
18.11.2018 0:00:00;29157;29074;28934;29278
18.11.2018 0:00:00;30023;29579;30296;29524
18.11.2018 0:00:00;29997;29754;30645;29689
18.11.2018 0:00:00;29948;29683;30614;29719
18.11.2018 0:00:00;29943;29683;30671;29580
18.11.2018 0:00:00;29954;29652;30709;29629
18.11.2018 0:00:00;29961;29690;30683;29795
18.11.2018 0:00:00;30764;30894;31252;31441
18.11.2018 0:00:00;31394;32121;32664;33088
18.11.2018 0:00:00;31791;32227;32951;33126
18.11.2018 0:00:00;31402;31805;32474;32553
18.11.2018 0:00:00;30924;31121;32111;31728
18.11.2018 0:00:00;30266;30487;31571;31067
18.11.2018 0:00:00;29177;29543;30290;30177
18.11.2018 0:00:00;27891;27791;28868;28082
18.11.2018 0:00:00;26722;26726;27348;27206
18.11.2018 0:00:00;26041;25658;26283;25470
19.11.2018 0:00:00;25490;25048;25691;24864
19.11.2018 0:00:00;25295;25000;25242;25129
19.11.2018 0:00:00;25133;24981;25048;25203
19.11.2018 0:00:00;25315;25198;25737;25459
19.11.2018 0:00:00;27035;26944;27160;27196
19.11.2018 0:00:00;29737;29899;29432;30499
19.11.2018 0:00:00;31132;31157;31287;31572
19.11.2018 0:00:00;31748;32025;33000;32630
19.11.2018 0:00:00;32214;32748;33709;33479
19.11.2018 0:00:00;32029;32540;33766;33323
19.11.2018 0:00:00;31419;32482;33456;33656
19.11.2018 0:00:00;31460;31933;33275;32676
19.11.2018 0:00:00;31456;31907;33220;32807
19.11.2018 0:00:00;31365;31866;33384;32509
19.11.2018 0:00:00;31258;31835;33668;32812
19.11.2018 0:00:00;32326;31977;34148;31871
19.11.2018 0:00:00;32691;32124;34368;31784
19.11.2018 0:00:00;32405;32142;34078;32084
19.11.2018 0:00:00;31641;32588;32941;33799
19.11.2018 0:00:00;30493;31745;32511;33145
19.11.2018 0:00:00;28902;30201;31271;31933
19.11.2018 0:00:00;28218;28318;29195;28747
19.11.2018 0:00:00;27272;27428;27871;27918
19.11.2018 0:00:00;25608;25656;26826;26147
20.11.2018 0:00:00;25505;25295;26039;25317
20.11.2018 0:00:00;25124;24825;25731;24916
20.11.2018 0:00:00;25318;24903;25645;24899
20.11.2018 0:00:00;25706;25042;26096;24712
20.11.2018 0:00:00;27127;26986;27408;27076
20.11.2018 0:00:00;30079;30154;29735;30658
20.11.2018 0:00:00;30841;30883;31596;31086
20.11.2018 0:00:00;32044;32562;33525;33246
20.11.2018 0:00:00;32421;33052;34154;33855
20.11.2018 0:00:00;32243;32792;34270;33676
20.11.2018 0:00:00;31528;32009;33865;32923
20.11.2018 0:00:00;31482;32100;33672;33132
20.11.2018 0:00:00;31357;31908;33943;32781
20.11.2018 0:00:00;31420;32072;33695;32999
20.11.2018 0:00:00;31225;31880;34065;32698
20.11.2018 0:00:00;32475;33127;34519;34269
20.11.2018 0:00:00;32805;33319;34636;34282
20.11.2018 0:00:00;32450;33241;34331;34151
20.11.2018 0:00:00;31559;32189;33440;33309
20.11.2018 0:00:00;30660;30903;32909;31285
20.11.2018 0:00:00;29241;29794;31443;30465
20.11.2018 0:00:00;28172;29356;29663;30882
20.11.2018 0:00:00;27190;28488;28147;29909
20.11.2018 0:00:00;26582;26833;27034;27209
21.11.2018 0:00:00;26325;26499;26210;27116
21.11.2018 0:00:00;25701;25980;26046;26530
21.11.2018 0:00:00;25825;26045;25764;26503
21.11.2018 0:00:00;26525;26061;26277;25733
21.11.2018 0:00:00;27620;27278;27746;27317
21.11.2018 0:00:00;30563;30922;29755;31429
21.11.2018 0:00:00;31055;31448;31617;32010
21.11.2018 0:00:00;31840;32268;33371;33184
21.11.2018 0:00:00;32216;32726;33973;33677
21.11.2018 0:00:00;31807;32319;34066;33095
21.11.2018 0:00:00;31386;31937;33613;32594
21.11.2018 0:00:00;31323;31978;33471;32741
21.11.2018 0:00:00;31390;31942;33515;32924
21.11.2018 0:00:00;31554;32281;33505;33479
21.11.2018 0:00:00;31829;32010;33805;32295
21.11.2018 0:00:00;32984;33143;34442;33618
21.11.2018 0:00:00;33280;33429;34680;33854
21.11.2018 0:00:00;33047;33173;34288;33663
21.11.2018 0:00:00;32239;32452;33411;32874
21.11.2018 0:00:00;31339;31488;32934;31793
21.11.2018 0:00:00;30470;30613;31382;31213
21.11.2018 0:00:00;29352;29503;29750;30034
21.11.2018 0:00:00;27863;27988;28082;28569
21.11.2018 0:00:00;26077;26298;26889;26990
22.11.2018 0:00:00;26555;26145;26386;26107
22.11.2018 0:00:00;26518;25919;26112;25728
22.11.2018 0:00:00;26506;25956;26032;25766
22.11.2018 0:00:00;27187;26745;26309;26803
22.11.2018 0:00:00;28397;28018;27744;27912
22.11.2018 0:00:00;30869;30719;30124;30920
22.11.2018 0:00:00;31033;30904;31868;31234
22.11.2018 0:00:00;32036;32313;33527;32984
22.11.2018 0:00:00;32886;33236;34419;33706
22.11.2018 0:00:00;32834;32956;34321;33378
22.11.2018 0:00:00;32346;32781;33955;33323
22.11.2018 0:00:00;32429;32467;34043;32871
22.11.2018 0:00:00;32404;32448;33977;32895
22.11.2018 0:00:00;32454;32727;34097;33305
22.11.2018 0:00:00;32554;32911;34471;33384
22.11.2018 0:00:00;33557;33914;34820;34471
22.11.2018 0:00:00;33286;34193;34905;35497
22.11.2018 0:00:00;32462;32693;34449;33261
22.11.2018 0:00:00;31563;31661;33614;32088
22.11.2018 0:00:00;30917;31305;32914;32019
22.11.2018 0:00:00;30543;30960;31765;31717
22.11.2018 0:00:00;29900;30226;29813;31049
22.11.2018 0:00:00;28886;29072;28404;29379
22.11.2018 0:00:00;27620;27827;27187;28217
23.11.2018 0:00:00;26497;26734;26441;27415
23.11.2018 0:00:00;26116;26272;26184;26791
23.11.2018 0:00:00;26368;26551;26147;26870
23.11.2018 0:00:00;27124;27270;26418;27560
23.11.2018 0:00:00;28796;28917;27885;29227
23.11.2018 0:00:00;30534;30565;30152;30720
23.11.2018 0:00:00;31808;31711;31756;31959
23.11.2018 0:00:00;32489;32535;33464;32700
23.11.2018 0:00:00;33143;33401;34117;33803
23.11.2018 0:00:00;33046;33702;34144;34571
23.11.2018 0:00:00;32333;32511;33352;32830
23.11.2018 0:00:00;32466;32588;33325;32918
23.11.2018 0:00:00;32266;32351;33529;32765
23.11.2018 0:00:00;32289;32433;33201;32756
23.11.2018 0:00:00;32397;32507;33568;32721
23.11.2018 0:00:00;33432;33504;34453;33763
23.11.2018 0:00:00;33006;32713;34518;32604
23.11.2018 0:00:00;33043;33172;34147;33603
23.11.2018 0:00:00;32267;32553;33169;33038
23.11.2018 0:00:00;31340;31401;32949;31674
23.11.2018 0:00:00;30795;30915;31838;31505
23.11.2018 0:00:00;29628;29710;29906;30035
23.11.2018 0:00:00;28584;28607;28553;28809
23.11.2018 0:00:00;28006;28014;27477;28122
24.11.2018 0:00:00;27747;27688;26703;27980
24.11.2018 0:00:00;27293;27289;26134;27468
24.11.2018 0:00:00;27074;27108;26112;27618
24.11.2018 0:00:00;27415;27403;26432;27636
24.11.2018 0:00:00;27992;28030;26928;28442
24.11.2018 0:00:00;29143;29165;27674;29525
24.11.2018 0:00:00;30037;30026;28924;30286
24.11.2018 0:00:00;30965;31016;30461;31452
24.11.2018 0:00:00;31657;31692;31828;32196
24.11.2018 0:00:00;32270;32625;32183;33311
24.11.2018 0:00:00;32276;32657;32231;33218
24.11.2018 0:00:00;32080;32442;32146;33294
24.11.2018 0:00:00;32266;32587;31990;33023
24.11.2018 0:00:00;32084;32593;31951;33449
24.11.2018 0:00:00;32964;32962;32313;33394
24.11.2018 0:00:00;33667;34412;33257;35400
24.11.2018 0:00:00;33507;33501;33390;33943
24.11.2018 0:00:00;33120;33203;33097;33448
24.11.2018 0:00:00;32543;32764;32127;33228
24.11.2018 0:00:00;31723;32413;31976;33364
24.11.2018 0:00:00;30534;30681;31081;31009
24.11.2018 0:00:00;29777;29728;29571;29855
24.11.2018 0:00:00;29159;29246;28416;29484
24.11.2018 0:00:00;27721;27816;27396;28037
25.11.2018 0:00:00;27053;27124;26627;27357
25.11.2018 0:00:00;26464;26535;26006;27086
25.11.2018 0:00:00;26463;26518;25940;26938
25.11.2018 0:00:00;26460;26485;26054;26972
25.11.2018 0:00:00;27112;27184;26641;27653
25.11.2018 0:00:00;28061;27919;27140;28244
25.11.2018 0:00:00;29169;29266;28109;29833
25.11.2018 0:00:00;30041;30149;29310;30594
25.11.2018 0:00:00;30720;30837;30481;31101
25.11.2018 0:00:00;31605;31720;30961;32058
25.11.2018 0:00:00;31447;31563;31220;31890
25.11.2018 0:00:00;31320;31062;31153;31199
25.11.2018 0:00:00;31363;31131;31199;31297
25.11.2018 0:00:00;31521;32013;31394;32738
25.11.2018 0:00:00;32485;32561;32046;33059
25.11.2018 0:00:00;33034;33179;32885;33719
25.11.2018 0:00:00;33231;33303;33153;33838
25.11.2018 0:00:00;32845;32939;32817;33523
25.11.2018 0:00:00;32563;32799;32113;33484
25.11.2018 0:00:00;31120;31906;31991;32906
25.11.2018 0:00:00;30249;30522;30669;31006
25.11.2018 0:00:00;29527;29066;29219;28945
25.11.2018 0:00:00;28223;28162;27941;28580
25.11.2018 0:00:00;27616;27487;26632;27706
26.11.2018 0:00:00;27004;27083;26166;27594
26.11.2018 0:00:00;26730;26887;25731;27164
26.11.2018 0:00:00;26758;26866;25766;27088
26.11.2018 0:00:00;27371;27458;26139;27755
26.11.2018 0:00:00;28936;28763;27566;28702
26.11.2018 0:00:00;31377;31205;29977;31253
26.11.2018 0:00:00;32209;32080;31914;32060
26.11.2018 0:00:00;33158;33487;33507;34128
26.11.2018 0:00:00;33458;34219;34232;35120
26.11.2018 0:00:00;33254;33408;34251;33794
26.11.2018 0:00:00;33052;33362;33908;33782
26.11.2018 0:00:00;33099;33596;33844;34249
26.11.2018 0:00:00;33230;33596;34031;34392
26.11.2018 0:00:00;33222;33379;34158;34016
26.11.2018 0:00:00;33167;33279;34316;33695
26.11.2018 0:00:00;34300;34620;35084;35302
26.11.2018 0:00:00;34413;34688;35185;35397
26.11.2018 0:00:00;33750;33872;34462;34239
26.11.2018 0:00:00;32847;32905;33688;33188
26.11.2018 0:00:00;32131;32446;33167;33137
26.11.2018 0:00:00;31120;31137;31638;31485
26.11.2018 0:00:00;29766;29896;29938;30344
26.11.2018 0:00:00;28333;28415;28390;28968
26.11.2018 0:00:00;27511;27597;27401;27937
27.11.2018 0:00:00;27033;27107;26561;27646
27.11.2018 0:00:00;26513;26604;26464;26903
27.11.2018 0:00:00;26529;26637;26416;27062
27.11.2018 0:00:00;27614;27757;26844;28230
27.11.2018 0:00:00;28935;29019;28107;29216
27.11.2018 0:00:00;31953;31935;30721;32331
27.11.2018 0:00:00;32734;32779;32499;33178
27.11.2018 0:00:00;33526;34399;34133;35378
27.11.2018 0:00:00;34163;34519;34854;35055
27.11.2018 0:00:00;33742;34296;34867;35264
27.11.2018 0:00:00;33353;33918;34117;34860
27.11.2018 0:00:00;33498;33857;34273;34457
27.11.2018 0:00:00;33404;34168;34434;35215
27.11.2018 0:00:00;33526;33902;34300;34616
27.11.2018 0:00:00;33738;34026;34697;34751
27.11.2018 0:00:00;34712;35343;35498;36391
27.11.2018 0:00:00;34978;35572;35339;36289
27.11.2018 0:00:00;34280;34159;34966;34435
27.11.2018 0:00:00;33177;33264;34338;33782
27.11.2018 0:00:00;32900;32985;33764;33565
27.11.2018 0:00:00;31536;31643;32254;31965
27.11.2018 0:00:00;29988;30062;30526;30288
27.11.2018 0:00:00;28773;28839;29158;29076
27.11.2018 0:00:00;27572;27621;27834;27997
28.11.2018 0:00:00;27019;27044;27126;27561
28.11.2018 0:00:00;26855;26870;27028;26993
28.11.2018 0:00:00;26991;27059;26977;27534
28.11.2018 0:00:00;27788;27893;27041;28454
28.11.2018 0:00:00;29185;29260;28498;29731
28.11.2018 0:00:00;31854;31914;30926;32449
28.11.2018 0:00:00;33271;33352;32793;33863
28.11.2018 0:00:00;33980;34081;34033;34542
28.11.2018 0:00:00;34408;34552;35131;34837
28.11.2018 0:00:00;34240;34383;34941;34809
28.11.2018 0:00:00;33763;33849;34460;34353
28.11.2018 0:00:00;33855;34039;34275;34366
28.11.2018 0:00:00;33756;33907;34527;34337
28.11.2018 0:00:00;33720;33834;34592;34094
28.11.2018 0:00:00;34250;34351;34868;34859
28.11.2018 0:00:00;34827;35225;35742;35941
28.11.2018 0:00:00;34775;35172;35794;35759
28.11.2018 0:00:00;34448;35048;35490;35987
28.11.2018 0:00:00;33274;33814;34457;34593
28.11.2018 0:00:00;33062;33632;34257;34470
28.11.2018 0:00:00;31897;32363;32845;33053
28.11.2018 0:00:00;30083;30248;30961;30643
28.11.2018 0:00:00;28926;29049;29599;29333
28.11.2018 0:00:00;27733;27799;28046;28249
29.11.2018 0:00:00;26909;26957;27411;27429
29.11.2018 0:00:00;26932;26996;27364;27247
29.11.2018 0:00:00;26928;27001;27266;27319
29.11.2018 0:00:00;27628;27644;27472;28055
29.11.2018 0:00:00;29515;29731;28940;30186
29.11.2018 0:00:00;32100;32074;31136;32236
29.11.2018 0:00:00;33181;33206;33511;33406
29.11.2018 0:00:00;33824;34716;34816;35903
29.11.2018 0:00:00;34383;34683;35620;35297
29.11.2018 0:00:00;34139;34319;35464;34610
29.11.2018 0:00:00;33631;33736;34862;33994
29.11.2018 0:00:00;33546;33727;34589;34155
29.11.2018 0:00:00;33544;33671;34752;34157
29.11.2018 0:00:00;33563;33694;34773;34031
29.11.2018 0:00:00;33899;33996;35017;34364
29.11.2018 0:00:00;34564;34771;35972;35286
29.11.2018 0:00:00;34829;35456;36029;36539
29.11.2018 0:00:00;34385;34700;35844;35193
29.11.2018 0:00:00;33265;33516;34940;34039
29.11.2018 0:00:00;32744;32812;34533;33271
29.11.2018 0:00:00;32100;32188;33278;32686
29.11.2018 0:00:00;30275;30378;31352;30805
29.11.2018 0:00:00;29122;29166;29811;29709
29.11.2018 0:00:00;27860;27659;28635;27582
30.11.2018 0:00:00;27596;27652;27934;27899
30.11.2018 0:00:00;27295;27362;27747;27780
30.11.2018 0:00:00;27725;27771;27888;28143
30.11.2018 0:00:00;28204;28292;28102;28483
30.11.2018 0:00:00;29451;29545;29509;30014
30.11.2018 0:00:00;32007;32170;31926;32622
30.11.2018 0:00:00;33631;33665;34096;33919
30.11.2018 0:00:00;34470;34318;35478;34511
30.11.2018 0:00:00;34968;34973;36515;35277
30.11.2018 0:00:00;34822;35586;36219;36814
30.11.2018 0:00:00;34255;35578;35552;37162
30.11.2018 0:00:00;34268;35058;35318;36198
30.11.2018 0:00:00;34282;35094;35363;36105
30.11.2018 0:00:00;34163;35088;35089;36315
30.11.2018 0:00:00;34308;34520;35300;35116
30.11.2018 0:00:00;35091;35111;36227;35324
30.11.2018 0:00:00;35153;35124;36241;35306
30.11.2018 0:00:00;33896;34141;35757;34823
30.11.2018 0:00:00;33430;34609;35220;36125
30.11.2018 0:00:00;32709;32942;34626;33562
30.11.2018 0:00:00;31347;31636;33472;32287
30.11.2018 0:00:00;30378;30627;31806;31043
30.11.2018 0:00:00;29455;29903;30360;30736
30.11.2018 0:00:00;28446;28566;29227;29055
01.12.2018 0:00:00;27870;27940;28553;28211
01.12.2018 0:00:00;27414;27500;28026;27861
01.12.2018 0:00:00;27343;27441;28000;27957
01.12.2018 0:00:00;27701;27751;28090;28288
01.12.2018 0:00:00;28680;28772;28650;29289
01.12.2018 0:00:00;30370;30369;29786;30807
01.12.2018 0:00:00;32014;32036;30676;32270
01.12.2018 0:00:00;32503;32607;32054;33053
01.12.2018 0:00:00;33088;33182;33467;33671
01.12.2018 0:00:00;32987;33066;33554;33251
01.12.2018 0:00:00;32932;33062;33794;33679
01.12.2018 0:00:00;32936;33062;33573;33369
01.12.2018 0:00:00;32945;33066;33139;33561
01.12.2018 0:00:00;33051;33150;33098;33687
01.12.2018 0:00:00;33863;33953;34016;34185
01.12.2018 0:00:00;34092;34596;35121;35240
01.12.2018 0:00:00;34440;34885;34760;35523
01.12.2018 0:00:00;33915;34034;34724;34621
01.12.2018 0:00:00;33793;33909;34053;34274
01.12.2018 0:00:00;32283;32755;33315;33625
01.12.2018 0:00:00;30825;30948;32533;31445
01.12.2018 0:00:00;29773;29882;31141;30464
01.12.2018 0:00:00;28718;28824;29644;29178
01.12.2018 0:00:00;27163;27276;28477;27857
02.12.2018 0:00:00;26724;26801;27908;27249
02.12.2018 0:00:00;26230;26337;27341;26892
02.12.2018 0:00:00;26106;26225;27140;26723
02.12.2018 0:00:00;26088;26206;27501;26433
02.12.2018 0:00:00;26455;26584;27711;26985
02.12.2018 0:00:00;27756;27804;28620;28224
02.12.2018 0:00:00;29192;29098;29666;29193
02.12.2018 0:00:00;30262;30192;30517;30567
02.12.2018 0:00:00;30931;31057;31956;31530
02.12.2018 0:00:00;30950;31105;32582;31460
02.12.2018 0:00:00;30949;31118;32533;31740
02.12.2018 0:00:00;31007;31172;32555;31585
02.12.2018 0:00:00;31097;31216;32643;31512
02.12.2018 0:00:00;31104;31229;32629;31457
02.12.2018 0:00:00;32106;32225;33167;32467
02.12.2018 0:00:00;32354;32532;34114;33131
02.12.2018 0:00:00;32824;32874;34366;33277
02.12.2018 0:00:00;32647;32950;34082;33612
02.12.2018 0:00:00;32403;32595;33647;33052
02.12.2018 0:00:00;31035;31325;33003;31724
02.12.2018 0:00:00;30069;30182;31962;30415
02.12.2018 0:00:00;29300;29422;30364;29802
02.12.2018 0:00:00;27578;27708;28622;28270
02.12.2018 0:00:00;27147;27195;27852;27502
03.12.2018 0:00:00;26375;26449;27219;26652
03.12.2018 0:00:00;26184;26317;26829;26733
03.12.2018 0:00:00;26209;26356;26808;26720
03.12.2018 0:00:00;26498;26616;27201;27113
03.12.2018 0:00:00;28539;28657;28630;29200
03.12.2018 0:00:00;31387;31455;31161;31912
03.12.2018 0:00:00;32477;32585;33250;33098
03.12.2018 0:00:00;33145;32864;34665;33032
03.12.2018 0:00:00;33887;34023;35612;34505
03.12.2018 0:00:00;33543;33843;35661;34298
03.12.2018 0:00:00;32872;33323;35233;33923
03.12.2018 0:00:00;32933;33409;35108;34273
03.12.2018 0:00:00;33149;34015;35235;35287
03.12.2018 0:00:00;33175;33312;35249;33693
03.12.2018 0:00:00;33532;33655;35688;34241
03.12.2018 0:00:00;34347;34626;36039;35303
03.12.2018 0:00:00;34037;34128;35790;34338
03.12.2018 0:00:00;33935;34038;35608;34489
03.12.2018 0:00:00;32854;32953;35110;33412
03.12.2018 0:00:00;31908;31994;34281;32451
03.12.2018 0:00:00;30975;30882;33190;30941
03.12.2018 0:00:00;29435;29491;31289;29868
03.12.2018 0:00:00;28601;28244;29569;28269
03.12.2018 0:00:00;27459;27510;28362;27881
04.12.2018 0:00:00;26855;26901;27728;27080
04.12.2018 0:00:00;26701;26817;27229;27210
04.12.2018 0:00:00;26722;26839;27344;27103
04.12.2018 0:00:00;27283;27396;27775;27656
04.12.2018 0:00:00;29187;29283;28930;29724
04.12.2018 0:00:00;31247;31339;31497;31870
04.12.2018 0:00:00;32375;32430;33677;32845
04.12.2018 0:00:00;33212;33684;35009;34336
04.12.2018 0:00:00;33602;33750;35773;34383
04.12.2018 0:00:00;33328;33755;35743;34648
04.12.2018 0:00:00;32668;33750;35172;35150
04.12.2018 0:00:00;32896;33802;35143;35204
04.12.2018 0:00:00;33003;33841;35294;34973
04.12.2018 0:00:00;32988;33529;35268;34525
04.12.2018 0:00:00;33495;33599;35726;33888
04.12.2018 0:00:00;34119;34801;35830;35867
04.12.2018 0:00:00;33969;34613;35747;35421
04.12.2018 0:00:00;33235;33622;35524;34337
04.12.2018 0:00:00;32650;32815;34690;33286
04.12.2018 0:00:00;31170;30930;34103;31094
04.12.2018 0:00:00;30285;30143;32454;30150
04.12.2018 0:00:00;28783;28749;30872;29068
04.12.2018 0:00:00;28673;28090;29204;27929
04.12.2018 0:00:00;26905;26593;28107;26750
05.12.2018 0:00:00;26922;26783;27432;26947
05.12.2018 0:00:00;26958;26925;26893;27183
05.12.2018 0:00:00;27202;26916;26742;26928
05.12.2018 0:00:00;27357;27348;27159;27498
05.12.2018 0:00:00;29267;29454;28477;29864
05.12.2018 0:00:00;31464;32007;31054;32795
05.12.2018 0:00:00;32670;32971;33156;33571
05.12.2018 0:00:00;33501;33822;34412;34339
05.12.2018 0:00:00;33835;33683;35188;33761
05.12.2018 0:00:00;33646;33591;34959;34036
05.12.2018 0:00:00;32882;32854;34723;33044
05.12.2018 0:00:00;32881;32870;34623;33224
05.12.2018 0:00:00;33062;33076;34624;33542
05.12.2018 0:00:00;33060;33062;34807;33260
05.12.2018 0:00:00;33629;33646;35145;33769
05.12.2018 0:00:00;34370;34526;35623;34798
05.12.2018 0:00:00;34149;34145;35528;34311
05.12.2018 0:00:00;33698;34065;34996;34584
05.12.2018 0:00:00;32777;32792;34509;33137
05.12.2018 0:00:00;31994;32022;33793;32275
05.12.2018 0:00:00;30781;30796;32424;31119
05.12.2018 0:00:00;29976;29975;30535;30289
05.12.2018 0:00:00;28954;29214;29049;29850
05.12.2018 0:00:00;27975;28064;27932;28329
06.12.2018 0:00:00;27056;27159;27452;27375
06.12.2018 0:00:00;26670;26739;27065;26926
06.12.2018 0:00:00;26663;26747;27135;27208
06.12.2018 0:00:00;27627;27693;27243;28145
06.12.2018 0:00:00;29221;29287;28724;29769
06.12.2018 0:00:00;31527;31571;30976;32113
06.12.2018 0:00:00;32687;33662;32948;35074
06.12.2018 0:00:00;33636;34285;34211;35059
06.12.2018 0:00:00;33962;34059;34827;34331
06.12.2018 0:00:00;33817;33950;34760;34573
06.12.2018 0:00:00;33166;33216;34243;33644
06.12.2018 0:00:00;33155;33195;34204;33691
06.12.2018 0:00:00;33199;33280;34319;33576
06.12.2018 0:00:00;33157;33261;34268;33522
06.12.2018 0:00:00;33592;33708;34820;34145
06.12.2018 0:00:00;34230;34440;35096;34801
06.12.2018 0:00:00;34194;34493;35229;35243
06.12.2018 0:00:00;33668;33779;34903;34138
06.12.2018 0:00:00;32726;32832;34051;33293
06.12.2018 0:00:00;32056;32146;33542;32661
06.12.2018 0:00:00;30963;31083;32338;31690
06.12.2018 0:00:00;30290;30398;30643;30635
06.12.2018 0:00:00;29115;29197;28990;29394
06.12.2018 0:00:00;27999;28119;27829;28534
07.12.2018 0:00:00;27050;27149;27019;27603
07.12.2018 0:00:00;26433;26520;26892;27007
07.12.2018 0:00:00;26473;26571;26948;26884
07.12.2018 0:00:00;27216;27332;27043;27792
07.12.2018 0:00:00;28901;28966;28493;29132
07.12.2018 0:00:00;31598;32098;30738;32969
07.12.2018 0:00:00;32184;32609;32851;33241
07.12.2018 0:00:00;33186;33320;34009;33576
07.12.2018 0:00:00;33633;33695;35085;34039
07.12.2018 0:00:00;33425;33539;34790;34110
07.12.2018 0:00:00;32794;32887;34431;33228
07.12.2018 0:00:00;33053;33135;34581;33639
07.12.2018 0:00:00;33072;33516;34603;34169
07.12.2018 0:00:00;33058;33622;34445;34320
07.12.2018 0:00:00;33581;34087;34819;34860
07.12.2018 0:00:00;34190;34722;35105;35664
07.12.2018 0:00:00;34330;34514;35270;35120
07.12.2018 0:00:00;33895;34405;34680;35078
07.12.2018 0:00:00;33044;33433;34018;34264
07.12.2018 0:00:00;32855;32959;33460;33554
07.12.2018 0:00:00;31547;31629;32467;31903
07.12.2018 0:00:00;30077;30177;30825;30485
07.12.2018 0:00:00;28738;28801;29277;29325
07.12.2018 0:00:00;27518;27569;28058;27900
08.12.2018 0:00:00;27461;27481;27167;27870
08.12.2018 0:00:00;27184;27260;26757;27674
08.12.2018 0:00:00;27185;27234;26608;27746
08.12.2018 0:00:00;27251;27304;26937;27823
08.12.2018 0:00:00;27695;27774;27504;28103
08.12.2018 0:00:00;29493;29541;28361;30036
08.12.2018 0:00:00;30855;30923;29785;31193
08.12.2018 0:00:00;31419;31508;30959;31723
08.12.2018 0:00:00;31690;31783;32223;32263
08.12.2018 0:00:00;31764;31831;32633;32040
08.12.2018 0:00:00;31685;31774;32573;32140
08.12.2018 0:00:00;31605;31683;32440;32134
08.12.2018 0:00:00;31695;31707;32471;32099
08.12.2018 0:00:00;31887;31866;32487;32197
08.12.2018 0:00:00;32711;33180;33126;34105
08.12.2018 0:00:00;33402;33850;33997;34562
08.12.2018 0:00:00;33429;33884;33960;34691
08.12.2018 0:00:00;33298;33361;33475;33881
08.12.2018 0:00:00;32939;32998;32955;33227
08.12.2018 0:00:00;31773;31801;32495;32288
08.12.2018 0:00:00;31308;31648;31507;32397
08.12.2018 0:00:00;30056;29805;30281;30018
08.12.2018 0:00:00;28816;28871;29046;29050
08.12.2018 0:00:00;27635;27694;27954;28074
09.12.2018 0:00:00;27112;27188;27180;27674
09.12.2018 0:00:00;26787;26498;26782;26683
09.12.2018 0:00:00;26537;26254;26644;26137
09.12.2018 0:00:00;26797;26553;26749;26648
09.12.2018 0:00:00;27474;27179;27149;27201
09.12.2018 0:00:00;28276;28374;27927;28594
09.12.2018 0:00:00;29473;29216;28809;29303
09.12.2018 0:00:00;30737;30772;29914;30969
09.12.2018 0:00:00;31620;31508;31328;31629
09.12.2018 0:00:00;31820;31761;31814;32086
09.12.2018 0:00:00;31803;31498;31912;31591
09.12.2018 0:00:00;31360;30991;31831;30955
09.12.2018 0:00:00;31793;31690;31863;31989
09.12.2018 0:00:00;31793;31892;31957;32108
09.12.2018 0:00:00;32586;32830;32718;33302
09.12.2018 0:00:00;33279;33475;33874;34051
09.12.2018 0:00:00;33105;33794;33925;34640
09.12.2018 0:00:00;33087;33256;33648;33899
09.12.2018 0:00:00;32688;33264;33145;34008
09.12.2018 0:00:00;31886;32553;32610;33365
09.12.2018 0:00:00;30643;30887;31598;31538
09.12.2018 0:00:00;29485;29694;30099;30268
09.12.2018 0:00:00;28211;28406;28639;29017
09.12.2018 0:00:00;27429;27515;27397;27790
10.12.2018 0:00:00;27116;27160;27024;27661
10.12.2018 0:00:00;26980;26997;26574;27392
10.12.2018 0:00:00;26799;26951;26390;27292
10.12.2018 0:00:00;27560;27692;26633;27957
10.12.2018 0:00:00;29034;29268;28001;29900
10.12.2018 0:00:00;31686;31892;30270;32474
10.12.2018 0:00:00;32651;32729;32357;33260
10.12.2018 0:00:00;33773;33806;34078;34125
10.12.2018 0:00:00;34414;34625;34696;35024
10.12.2018 0:00:00;34183;34382;34583;34710
10.12.2018 0:00:00;33723;33924;33982;34506
10.12.2018 0:00:00;33658;33938;34156;34474
10.12.2018 0:00:00;33791;34385;34338;35300
10.12.2018 0:00:00;33804;34316;34248;35304
10.12.2018 0:00:00;34037;34643;34529;35706
10.12.2018 0:00:00;34728;35304;35249;36134
10.12.2018 0:00:00;34712;35167;34952;35872
10.12.2018 0:00:00;34342;34594;34550;35207
10.12.2018 0:00:00;33391;33797;33907;34394
10.12.2018 0:00:00;32970;33350;33345;33970
10.12.2018 0:00:00;32057;32503;31886;33359
10.12.2018 0:00:00;30909;30951;30187;31364
10.12.2018 0:00:00;29305;29613;28783;30130
10.12.2018 0:00:00;28079;28159;27312;28601
11.12.2018 0:00:00;27610;27420;26821;27620
11.12.2018 0:00:00;27228;27184;26544;27385
11.12.2018 0:00:00;27099;27215;26325;27513
11.12.2018 0:00:00;27882;28002;26792;28605
11.12.2018 0:00:00;29271;29391;27994;29748
11.12.2018 0:00:00;32250;32300;30432;32821
11.12.2018 0:00:00;33173;33879;32746;34982
11.12.2018 0:00:00;34082;34496;34062;35284
11.12.2018 0:00:00;34554;34628;34560;35030
11.12.2018 0:00:00;34550;34614;34595;34885
11.12.2018 0:00:00;33764;33857;34209;34399
11.12.2018 0:00:00;33925;34037;33892;34400
11.12.2018 0:00:00;34184;34247;34224;34747
11.12.2018 0:00:00;33803;33908;34014;34328
11.12.2018 0:00:00;34271;34345;34486;34604
11.12.2018 0:00:00;35089;35406;34873;36010
11.12.2018 0:00:00;34707;34565;34864;34564
11.12.2018 0:00:00;33789;33918;34639;34218
11.12.2018 0:00:00;32746;33034;33565;33674
11.12.2018 0:00:00;32370;32468;33010;33029
11.12.2018 0:00:00;31321;31460;31927;31825
11.12.2018 0:00:00;30490;30599;29983;31096
11.12.2018 0:00:00;28769;28837;28588;29077
11.12.2018 0:00:00;28131;28203;27403;28533
12.12.2018 0:00:00;27402;27232;26731;27233
12.12.2018 0:00:00;26928;26752;26256;26722
12.12.2018 0:00:00;27005;26736;26248;26907
12.12.2018 0:00:00;27856;27462;26609;27273
12.12.2018 0:00:00;29668;29535;27964;29641
12.12.2018 0:00:00;31806;31567;30405;31451
12.12.2018 0:00:00;32981;33003;32395;33474
12.12.2018 0:00:00;33717;33770;33766;34118
12.12.2018 0:00:00;34072;33698;34459;33506
12.12.2018 0:00:00;33739;33405;34487;33443
12.12.2018 0:00:00;32855;33078;33978;33799
12.12.2018 0:00:00;33109;33569;34149;34158
12.12.2018 0:00:00;33405;34120;34093;35189
12.12.2018 0:00:00;33229;33295;34168;33836
12.12.2018 0:00:00;33619;33690;34604;34201
12.12.2018 0:00:00;34712;35362;35086;36318
12.12.2018 0:00:00;34588;34653;34993;35117
12.12.2018 0:00:00;33734;33786;34649;34190
12.12.2018 0:00:00;32499;33168;33842;34092
12.12.2018 0:00:00;32228;32592;33136;33442
12.12.2018 0:00:00;31662;31951;31893;32592
12.12.2018 0:00:00;30103;30190;30249;30727
12.12.2018 0:00:00;28470;28664;28445;29146
12.12.2018 0:00:00;27937;27892;27425;28137
13.12.2018 0:00:00;27154;26863;26846;26992
13.12.2018 0:00:00;26939;26848;26359;27147
13.12.2018 0:00:00;26856;26718;26308;26703
13.12.2018 0:00:00;27872;27348;26676;27117
13.12.2018 0:00:00;28983;28564;28050;28562
13.12.2018 0:00:00;32008;31403;30537;30978
13.12.2018 0:00:00;32890;32432;32245;32473
13.12.2018 0:00:00;33657;33728;33882;34290
13.12.2018 0:00:00;34046;33834;34507;34039
13.12.2018 0:00:00;33744;33446;34307;33287
13.12.2018 0:00:00;33146;32886;33943;32838
13.12.2018 0:00:00;33067;33170;33947;33620
13.12.2018 0:00:00;33191;33330;34181;33663
13.12.2018 0:00:00;33027;33118;34111;33473
13.12.2018 0:00:00;33231;33663;34677;34552
13.12.2018 0:00:00;34116;35082;35081;36260
13.12.2018 0:00:00;33880;34307;34950;34964
13.12.2018 0:00:00;33452;34275;34702;35323
13.12.2018 0:00:00;32539;33166;34108;34139
13.12.2018 0:00:00;32275;32458;33351;32986
13.12.2018 0:00:00;31323;31762;32277;32381
13.12.2018 0:00:00;30113;31178;30491;32416
13.12.2018 0:00:00;28658;29190;28849;29829
13.12.2018 0:00:00;27994;28108;27823;28541
14.12.2018 0:00:00;27027;27046;27123;27379
14.12.2018 0:00:00;26794;26764;26727;27167
14.12.2018 0:00:00;26867;26886;26678;27034
14.12.2018 0:00:00;27637;27699;26945;28092
14.12.2018 0:00:00;29295;29346;28221;29726
14.12.2018 0:00:00;31934;31950;30599;32066
14.12.2018 0:00:00;33070;33120;32573;33328
14.12.2018 0:00:00;33717;33775;34324;34259
14.12.2018 0:00:00;34313;34391;34929;34965
14.12.2018 0:00:00;34133;34166;34854;34608
14.12.2018 0:00:00;33400;33500;34257;33770
14.12.2018 0:00:00;33498;33652;34363;33939
14.12.2018 0:00:00;33409;34134;34544;35259
14.12.2018 0:00:00;33410;33844;34269;34461
14.12.2018 0:00:00;33755;33819;34867;34096
14.12.2018 0:00:00;34964;34925;35186;35299
14.12.2018 0:00:00;34673;34691;35081;35154
14.12.2018 0:00:00;33902;33891;34786;34242
14.12.2018 0:00:00;32659;32633;34027;32901
14.12.2018 0:00:00;32260;32537;33402;33297
14.12.2018 0:00:00;31112;31760;32365;32603
14.12.2018 0:00:00;29926;30021;30732;30234
14.12.2018 0:00:00;29002;29013;29132;29353
14.12.2018 0:00:00;28564;28678;27960;29237
15.12.2018 0:00:00;27699;27759;27234;28240
15.12.2018 0:00:00;27305;27367;26609;27621
15.12.2018 0:00:00;27118;27202;26444;27709
15.12.2018 0:00:00;27186;27248;26796;27768
15.12.2018 0:00:00;28046;28088;27400;28617
15.12.2018 0:00:00;29761;29815;28287;29970
15.12.2018 0:00:00;30842;30880;29652;31118
15.12.2018 0:00:00;32017;32175;30845;32669
15.12.2018 0:00:00;32975;33009;32094;33207
15.12.2018 0:00:00;32828;32919;32607;33134
15.12.2018 0:00:00;32823;32868;32427;33320
15.12.2018 0:00:00;32885;32910;32467;33275
15.12.2018 0:00:00;32891;32911;32178;33047
15.12.2018 0:00:00;33067;33099;32206;33588
15.12.2018 0:00:00;33752;33843;33009;34359
15.12.2018 0:00:00;34272;34177;34084;34547
15.12.2018 0:00:00;34311;34514;34106;35167
15.12.2018 0:00:00;34073;34421;33944;34993
15.12.2018 0:00:00;32565;32666;33181;33238
15.12.2018 0:00:00;31160;31256;32789;31535
15.12.2018 0:00:00;30548;30964;32011;31567
15.12.2018 0:00:00;29790;29883;30500;30449
15.12.2018 0:00:00;28970;29108;29290;29655
15.12.2018 0:00:00;28174;28188;28319;28494
16.12.2018 0:00:00;27455;27558;27338;27934
16.12.2018 0:00:00;26955;27169;27130;27882
16.12.2018 0:00:00;26975;26817;27184;26775
16.12.2018 0:00:00;26980;27020;27264;27382
16.12.2018 0:00:00;27481;27574;27748;27982
16.12.2018 0:00:00;28908;29009;28397;29555
16.12.2018 0:00:00;30202;30244;29396;30677
16.12.2018 0:00:00;30965;30948;30747;31420
16.12.2018 0:00:00;32679;32503;31957;32585
16.12.2018 0:00:00;32664;32644;32502;33009
16.12.2018 0:00:00;32716;32735;32555;32945
16.12.2018 0:00:00;32673;32777;32620;33223
16.12.2018 0:00:00;32738;32826;32354;33236
16.12.2018 0:00:00;32758;32911;32461;33183
16.12.2018 0:00:00;33239;33425;33213;34047
16.12.2018 0:00:00;33699;34212;34334;34883
16.12.2018 0:00:00;34068;34229;34600;34626
16.12.2018 0:00:00;33182;33110;34563;33426
16.12.2018 0:00:00;33164;33820;34145;34591
16.12.2018 0:00:00;32283;33165;33619;34247
16.12.2018 0:00:00;31395;32165;32877;33157
16.12.2018 0:00:00;30737;30984;31221;31522
16.12.2018 0:00:00;29314;29462;29801;30013
16.12.2018 0:00:00;28968;29085;28944;29505
17.12.2018 0:00:00;27788;27904;28221;28459
17.12.2018 0:00:00;27600;27721;27798;28054
17.12.2018 0:00:00;27685;27813;27921;28304
17.12.2018 0:00:00;28261;28385;28275;28694
17.12.2018 0:00:00;30067;30146;29837;30430
17.12.2018 0:00:00;33042;33091;32332;33338
17.12.2018 0:00:00;34642;34700;34538;35161
17.12.2018 0:00:00;35432;35948;36319;36942
17.12.2018 0:00:00;36066;36237;37147;36663
17.12.2018 0:00:00;35638;36177;37139;37145
17.12.2018 0:00:00;34974;35552;36700;36543
17.12.2018 0:00:00;35149;35617;36427;36307
17.12.2018 0:00:00;35273;35593;36267;36115
17.12.2018 0:00:00;35167;35281;36493;35506
17.12.2018 0:00:00;35335;35523;36714;35843
17.12.2018 0:00:00;36465;36569;37328;36793
17.12.2018 0:00:00;36372;36564;37226;36902
17.12.2018 0:00:00;35595;35914;36873;36382
17.12.2018 0:00:00;34672;34989;36234;35701
17.12.2018 0:00:00;33572;34171;35556;35053
17.12.2018 0:00:00;32474;33007;34328;33841
17.12.2018 0:00:00;31576;31728;32193;32166
17.12.2018 0:00:00;30168;30168;30689;30346
17.12.2018 0:00:00;28393;28515;29464;29017
18.12.2018 0:00:00;28606;28603;28797;28920
18.12.2018 0:00:00;28153;28200;28599;28525
18.12.2018 0:00:00;28183;28240;28580;28680
18.12.2018 0:00:00;28855;28764;28972;28795
18.12.2018 0:00:00;30544;30621;30278;31085
18.12.2018 0:00:00;33283;33268;32781;33464
18.12.2018 0:00:00;35066;35083;34899;35463
18.12.2018 0:00:00;35668;36029;36327;36828
18.12.2018 0:00:00;36246;36844;37230;37593
18.12.2018 0:00:00;35976;36264;36941;36747
18.12.2018 0:00:00;35244;35293;36478;35702
18.12.2018 0:00:00;35232;35942;36494;36824
18.12.2018 0:00:00;35094;35224;36522;35671
18.12.2018 0:00:00;35111;35416;36557;36201
18.12.2018 0:00:00;35611;35965;36980;36734
18.12.2018 0:00:00;36475;37184;37396;38104
18.12.2018 0:00:00;36467;37374;37255;38687
18.12.2018 0:00:00;36083;37064;36764;38538
18.12.2018 0:00:00;34945;35509;36136;36532
18.12.2018 0:00:00;33838;34388;35366;35354
18.12.2018 0:00:00;32661;33301;34361;34269
18.12.2018 0:00:00;31431;32027;32358;33073
18.12.2018 0:00:00;30441;30384;30528;30702
18.12.2018 0:00:00;29363;29366;29575;29625
19.12.2018 0:00:00;28938;29052;28789;29393
19.12.2018 0:00:00;28784;28924;28561;29474
19.12.2018 0:00:00;28806;28883;28469;29266
19.12.2018 0:00:00;29258;29165;28802;29362
19.12.2018 0:00:00;30853;31261;30064;31857
19.12.2018 0:00:00;33774;33966;32403;34495
19.12.2018 0:00:00;35178;35385;34602;36021
19.12.2018 0:00:00;35695;35796;36039;36273
19.12.2018 0:00:00;36532;36871;36675;37677
19.12.2018 0:00:00;36256;36343;36442;36760
19.12.2018 0:00:00;35637;35704;35900;35948
19.12.2018 0:00:00;35678;35722;35706;36042
19.12.2018 0:00:00;35666;35944;36025;36715
19.12.2018 0:00:00;35799;36152;35836;36628
19.12.2018 0:00:00;36126;36456;36347;37096
19.12.2018 0:00:00;36973;37304;36742;37801
19.12.2018 0:00:00;36764;37151;36728;37741
19.12.2018 0:00:00;35148;35540;36401;36338
19.12.2018 0:00:00;34612;35177;35708;36178
19.12.2018 0:00:00;33586;33687;35258;34110
19.12.2018 0:00:00;33173;33297;33952;33784
19.12.2018 0:00:00;31863;32180;32045;32812
19.12.2018 0:00:00;30621;30818;30396;31140
19.12.2018 0:00:00;30109;30201;29400;30674
20.12.2018 0:00:00;29221;29049;28636;29065
20.12.2018 0:00:00;29108;28960;28157;29080
20.12.2018 0:00:00;29107;29259;28145;29643
20.12.2018 0:00:00;29464;29656;28547;30320
20.12.2018 0:00:00;30732;30908;29794;31573
20.12.2018 0:00:00;33450;33560;32303;34009
20.12.2018 0:00:00;34908;35030;34560;35339
20.12.2018 0:00:00;36126;36330;36141;36685
20.12.2018 0:00:00;35948;36180;36888;36578
20.12.2018 0:00:00;36539;36907;36807;37638
20.12.2018 0:00:00;35770;35951;36300;36452
20.12.2018 0:00:00;35911;36892;36259;38253
20.12.2018 0:00:00;35991;36938;36334;38240
20.12.2018 0:00:00;35454;36102;36247;37150
20.12.2018 0:00:00;35911;36319;36787;36963
20.12.2018 0:00:00;36833;37870;37237;39095
20.12.2018 0:00:00;36352;37090;37153;38234
20.12.2018 0:00:00;35052;35657;36660;36498
20.12.2018 0:00:00;34086;34293;36012;34729
20.12.2018 0:00:00;33136;33358;35411;33689
20.12.2018 0:00:00;32552;32960;34062;33776
20.12.2018 0:00:00;31783;32143;32003;32721
20.12.2018 0:00:00;30634;31042;30778;31802
20.12.2018 0:00:00;29705;29853;29573;30332
21.12.2018 0:00:00;29012;29145;28589;29520
21.12.2018 0:00:00;28912;29035;28482;29599
21.12.2018 0:00:00;28651;28629;28489;28952
21.12.2018 0:00:00;29206;28921;28761;28816
21.12.2018 0:00:00;30899;31040;30290;31662
21.12.2018 0:00:00;33532;33683;32443;34302
21.12.2018 0:00:00;35599;35719;34653;36136
21.12.2018 0:00:00;36256;36450;36368;37034
21.12.2018 0:00:00;36845;37012;36846;37529
21.12.2018 0:00:00;36631;36763;36729;37144
21.12.2018 0:00:00;35905;36125;36181;36817
21.12.2018 0:00:00;35493;35946;36358;36563
21.12.2018 0:00:00;35402;35883;36444;36843
21.12.2018 0:00:00;35104;35665;36310;36412
21.12.2018 0:00:00;35771;36201;36659;37057
21.12.2018 0:00:00;36617;37121;37006;37816
21.12.2018 0:00:00;36494;36935;36846;37597
21.12.2018 0:00:00;36032;36443;36593;37089
21.12.2018 0:00:00;34921;35454;35614;36253
21.12.2018 0:00:00;34251;35068;35010;36204
21.12.2018 0:00:00;33509;33745;34068;34359
21.12.2018 0:00:00;32590;32816;32361;33537
21.12.2018 0:00:00;31003;31657;30924;32588
21.12.2018 0:00:00;29456;29378;29555;29799
22.12.2018 0:00:00;29066;28735;28753;28521
22.12.2018 0:00:00;28937;28757;28321;28998
22.12.2018 0:00:00;28842;28733;28279;28791
22.12.2018 0:00:00;29118;28993;28182;29086
22.12.2018 0:00:00;29594;29476;28842;29645
22.12.2018 0:00:00;30752;31245;29929;31985
22.12.2018 0:00:00;31890;32448;31007;33347
22.12.2018 0:00:00;33098;34185;32410;35764
22.12.2018 0:00:00;33148;33734;33638;34722
22.12.2018 0:00:00;33307;33483;33624;34030
22.12.2018 0:00:00;33349;33532;33447;33907
22.12.2018 0:00:00;33356;33546;33583;33915
22.12.2018 0:00:00;33296;33679;33523;34263
22.12.2018 0:00:00;33307;33518;33528;34215
22.12.2018 0:00:00;34318;34020;34101;34191
22.12.2018 0:00:00;34520;34865;35156;35564
22.12.2018 0:00:00;34501;34807;35121;35277
22.12.2018 0:00:00;34318;35003;34771;36115
22.12.2018 0:00:00;33931;34646;34109;35826
22.12.2018 0:00:00;32788;33513;33605;34514
22.12.2018 0:00:00;32132;33135;32836;34348
22.12.2018 0:00:00;30982;30838;31385;30985
22.12.2018 0:00:00;29970;30030;29878;30521
22.12.2018 0:00:00;28589;28525;29114;28625
23.12.2018 0:00:00;27850;28063;28147;28649
23.12.2018 0:00:00;27347;27556;27450;27966
23.12.2018 0:00:00;27164;27174;27394;27346
23.12.2018 0:00:00;27382;27196;27486;27499
23.12.2018 0:00:00;27925;27230;27856;26819
23.12.2018 0:00:00;28858;29303;28936;30241
23.12.2018 0:00:00;30510;30707;29711;31258
23.12.2018 0:00:00;31369;31604;31015;32047
23.12.2018 0:00:00;32130;32352;32087;32809
23.12.2018 0:00:00;32488;32709;32730;33128
23.12.2018 0:00:00;32384;32627;32727;33230
23.12.2018 0:00:00;32102;32352;32638;32940
23.12.2018 0:00:00;32006;32244;32754;32878
23.12.2018 0:00:00;32022;32259;32722;32822
23.12.2018 0:00:00;32996;33035;33280;33547
23.12.2018 0:00:00;33597;34069;34557;34780
23.12.2018 0:00:00;33726;34521;34752;35497
23.12.2018 0:00:00;33700;33974;34396;34472
23.12.2018 0:00:00;33238;33526;33891;34239
23.12.2018 0:00:00;32494;32768;33581;33336
23.12.2018 0:00:00;31108;31878;32469;32915
23.12.2018 0:00:00;30242;30560;30841;31081
23.12.2018 0:00:00;28962;29228;29625;29650
23.12.2018 0:00:00;28379;28577;28330;28894
24.12.2018 0:00:00;27614;27814;27790;28148
24.12.2018 0:00:00;27457;27654;27341;28070
24.12.2018 0:00:00;27474;27444;27305;27870
24.12.2018 0:00:00;27746;27814;27342;28082
24.12.2018 0:00:00;29068;29260;28936;29618
24.12.2018 0:00:00;31430;31651;31262;32154
24.12.2018 0:00:00;32532;32763;33570;33324
24.12.2018 0:00:00;33665;34365;35072;35293
24.12.2018 0:00:00;34323;35141;35947;36403
24.12.2018 0:00:00;34154;35049;35860;36402
24.12.2018 0:00:00;33350;34114;35459;35278
24.12.2018 0:00:00;33346;34332;35240;35457
24.12.2018 0:00:00;33496;34295;35621;35293
24.12.2018 0:00:00;33408;34091;35564;34937
24.12.2018 0:00:00;33860;34077;35738;34769
24.12.2018 0:00:00;34688;35240;36453;36224
24.12.2018 0:00:00;34483;35234;36309;36291
24.12.2018 0:00:00;33692;34431;35840;35441
24.12.2018 0:00:00;32453;32817;34994;33679
24.12.2018 0:00:00;32093;32870;34645;34117
24.12.2018 0:00:00;30853;31699;33323;32898
24.12.2018 0:00:00;29787;30497;31347;31588
24.12.2018 0:00:00;28820;28740;29898;29123
24.12.2018 0:00:00;27958;27756;28458;27695
25.12.2018 0:00:00;27780;27650;27832;27951
25.12.2018 0:00:00;27796;27588;27715;27614
25.12.2018 0:00:00;27781;27543;27514;27729
25.12.2018 0:00:00;27736;27993;27840;28587
25.12.2018 0:00:00;29108;29327;29018;29685
25.12.2018 0:00:00;31329;31578;31641;32243
25.12.2018 0:00:00;32789;33142;33575;33973
25.12.2018 0:00:00;34217;34440;35293;34995
25.12.2018 0:00:00;34717;35044;35938;35715
25.12.2018 0:00:00;34374;34467;35840;34948
25.12.2018 0:00:00;33561;33628;35314;33804
25.12.2018 0:00:00;33743;34045;35070;34787
25.12.2018 0:00:00;33749;34106;35367;34697
25.12.2018 0:00:00;33620;33696;35279;34028
25.12.2018 0:00:00;34164;34114;35765;34466
25.12.2018 0:00:00;34680;35291;36109;36156
25.12.2018 0:00:00;34255;34431;36043;34823
25.12.2018 0:00:00;33402;33618;35864;34016
25.12.2018 0:00:00;32484;33027;34845;33692
25.12.2018 0:00:00;32187;32397;34543;32968
25.12.2018 0:00:00;31372;31859;33285;32643
25.12.2018 0:00:00;30129;30222;31329;30707
25.12.2018 0:00:00;29128;29325;29807;29999
25.12.2018 0:00:00;27049;26766;28546;26603
26.12.2018 0:00:00;27211;26600;27837;26409
26.12.2018 0:00:00;26866;26656;27398;26862
26.12.2018 0:00:00;26909;26634;27356;26483
26.12.2018 0:00:00;27110;27280;27639;27909
26.12.2018 0:00:00;28181;28800;29091;29881
26.12.2018 0:00:00;30625;30810;31419;31301
26.12.2018 0:00:00;32215;32390;33398;32825
26.12.2018 0:00:00;33187;33398;35177;34035
26.12.2018 0:00:00;33222;33230;35526;33402
26.12.2018 0:00:00;32921;32885;35422;33021
26.12.2018 0:00:00;32313;32630;35020;33096
26.12.2018 0:00:00;32317;32665;34930;33172
26.12.2018 0:00:00;32296;33297;34903;34538
26.12.2018 0:00:00;32375;32820;35082;33611
26.12.2018 0:00:00;32856;33252;35414;33952
26.12.2018 0:00:00;33454;34036;35822;35041
26.12.2018 0:00:00;33650;33687;35879;34008
26.12.2018 0:00:00;32860;33377;35538;34064
26.12.2018 0:00:00;31886;32380;34817;33145
26.12.2018 0:00:00;31888;32391;34364;33048
26.12.2018 0:00:00;31250;31622;33354;32309
26.12.2018 0:00:00;29190;29432;31379;29987
26.12.2018 0:00:00;27463;27018;29853;26845
26.12.2018 0:00:00;27275;26743;28579;26683
27.12.2018 0:00:00;27248;26751;27848;26587
27.12.2018 0:00:00;26610;26355;27583;26434
27.12.2018 0:00:00;26608;26377;27443;26313
27.12.2018 0:00:00;27112;27293;27765;27754
27.12.2018 0:00:00;28300;28918;29159;29698
27.12.2018 0:00:00;30320;30496;31277;31007
27.12.2018 0:00:00;31804;31929;33173;32443
27.12.2018 0:00:00;32952;33161;35047;33573
27.12.2018 0:00:00;33351;33540;35520;33846
27.12.2018 0:00:00;32521;32870;35251;33581
27.12.2018 0:00:00;31934;32433;34692;33396
27.12.2018 0:00:00;32386;32887;34756;33495
27.12.2018 0:00:00;32392;33039;34812;34094
27.12.2018 0:00:00;32340;32596;34714;32968
27.12.2018 0:00:00;32940;33163;35170;33725
27.12.2018 0:00:00;33362;33476;35755;33709
27.12.2018 0:00:00;33315;33495;35883;34040
27.12.2018 0:00:00;33203;33445;35573;34005
27.12.2018 0:00:00;31956;32036;34800;32264
27.12.2018 0:00:00;31657;32089;34266;32718
27.12.2018 0:00:00;31393;31389;33336;31875
27.12.2018 0:00:00;29246;29452;31256;29906
27.12.2018 0:00:00;27641;27719;29881;28121
27.12.2018 0:00:00;26661;26771;28774;27002
28.12.2018 0:00:00;26118;26215;27974;26441
28.12.2018 0:00:00;25537;25569;27381;25952
28.12.2018 0:00:00;25859;25736;27297;25942
28.12.2018 0:00:00;26182;26063;27936;26089
28.12.2018 0:00:00;27286;27162;29103;27167
28.12.2018 0:00:00;29965;29851;31132;29903
28.12.2018 0:00:00;31026;30529;33133;30445
28.12.2018 0:00:00;31817;32188;34624;32712
28.12.2018 0:00:00;32207;32433;35292;33148
28.12.2018 0:00:00;32003;32259;34919;32969
28.12.2018 0:00:00;31179;31093;34212;31111
28.12.2018 0:00:00;31188;31204;34438;31525
28.12.2018 0:00:00;31181;31261;34360;31740
28.12.2018 0:00:00;31105;31113;34347;31511
28.12.2018 0:00:00;31663;31634;34538;31827
28.12.2018 0:00:00;32274;32180;35364;32324
28.12.2018 0:00:00;31215;31739;35155;32636
28.12.2018 0:00:00;31641;31880;35039;32412
28.12.2018 0:00:00;30436;30718;34291;31178
28.12.2018 0:00:00;29502;30000;33639;30624
28.12.2018 0:00:00;29441;29794;32604;30345
28.12.2018 0:00:00;28523;28554;30971;28719
28.12.2018 0:00:00;27056;26712;29570;26830
28.12.2018 0:00:00;26318;26287;28214;26467
29.12.2018 0:00:00;25609;25729;27525;26174
29.12.2018 0:00:00;25630;25611;27152;26084
29.12.2018 0:00:00;25430;25611;27170;25985
29.12.2018 0:00:00;26100;26285;27195;26850
29.12.2018 0:00:00;26695;26950;28387;27415
29.12.2018 0:00:00;28716;28983;30103;29574
29.12.2018 0:00:00;29866;30079;31793;30501
29.12.2018 0:00:00;30328;30500;33043;31080
29.12.2018 0:00:00;30789;30936;34014;31465
29.12.2018 0:00:00;30587;30963;33826;31772
29.12.2018 0:00:00;30081;30292;33080;30680
29.12.2018 0:00:00;30469;30525;32717;30769
29.12.2018 0:00:00;30512;30329;32646;30336
29.12.2018 0:00:00;30118;29833;32164;29764
29.12.2018 0:00:00;30338;30273;32541;30428
29.12.2018 0:00:00;30705;30675;33786;30916
29.12.2018 0:00:00;30567;30608;33915;30749
29.12.2018 0:00:00;30281;30417;33557;31015
29.12.2018 0:00:00;29286;29362;32968;29792
29.12.2018 0:00:00;29224;29275;32689;29494
29.12.2018 0:00:00;28420;28486;31752;28835
29.12.2018 0:00:00;27615;27717;30281;28180
29.12.2018 0:00:00;27419;27503;29009;27955
29.12.2018 0:00:00;26136;26098;28006;26550
30.12.2018 0:00:00;25535;25514;26932;25896
30.12.2018 0:00:00;25262;25248;26531;25668
30.12.2018 0:00:00;25252;25240;26252;25429
30.12.2018 0:00:00;25242;25244;26448;25536
30.12.2018 0:00:00;25714;25811;26873;26288
30.12.2018 0:00:00;26572;26560;27724;26762
30.12.2018 0:00:00;27987;27675;28751;27538
30.12.2018 0:00:00;28801;28897;29827;29180
30.12.2018 0:00:00;29114;29268;30929;29895
30.12.2018 0:00:00;29171;29338;31324;29803
30.12.2018 0:00:00;29206;29314;31256;29775
30.12.2018 0:00:00;29179;29274;31197;29617
30.12.2018 0:00:00;28942;28953;31102;29148
30.12.2018 0:00:00;29009;29090;31229;29358
30.12.2018 0:00:00;29786;29904;31677;30234
30.12.2018 0:00:00;30041;30568;32535;31514
30.12.2018 0:00:00;30040;30855;33032;32057
30.12.2018 0:00:00;30040;30382;32739;31144
30.12.2018 0:00:00;29864;30291;32186;30822
30.12.2018 0:00:00;29391;29831;32012;30626
30.12.2018 0:00:00;28286;28939;30960;30067
30.12.2018 0:00:00;27805;27635;29713;27655
30.12.2018 0:00:00;27446;27028;28258;26856
30.12.2018 0:00:00;27010;26010;27337;25383
31.12.2018 0:00:00;24962;25128;26168;25570
31.12.2018 0:00:00;24678;24952;25817;25424
31.12.2018 0:00:00;24640;24699;25406;25142
31.12.2018 0:00:00;24668;24934;25491;25511
31.12.2018 0:00:00;25016;25074;26215;25313
31.12.2018 0:00:00;26008;26084;26797;26368
31.12.2018 0:00:00;26975;27857;27633;28890
31.12.2018 0:00:00;27861;27971;28638;28384
31.12.2018 0:00:00;28643;28747;29733;28952
31.12.2018 0:00:00;28969;29074;30204;29350
31.12.2018 0:00:00;29001;29117;30463;29675
31.12.2018 0:00:00;28959;29087;30332;29673
31.12.2018 0:00:00;28960;29066;30292;29370
31.12.2018 0:00:00;28923;29362;29965;29939
31.12.2018 0:00:00;29872;30508;30753;31338
31.12.2018 0:00:00;30651;30899;31736;31252
31.12.2018 0:00:00;31018;31239;32013;31910
31.12.2018 0:00:00;30896;30955;31733;31440
31.12.2018 0:00:00;30761;30872;31053;31475
31.12.2018 0:00:00;29661;29802;30816;30182
31.12.2018 0:00:00;28557;28662;30112;29157
31.12.2018 0:00:00;28546;28648;29180;29150
31.12.2018 0:00:00;28473;28562;27690;29019
31.12.2018 0:00:00;27951;28042;27246;28509
