INTERVAL;M_DATE;PRICE_ZONE_ID;POWER_SYS_ID;E_USE_FACT
0;28.10.2020 0:00:00;1;0;79745
1;28.10.2020 0:00:00;1;0;79044
2;28.10.2020 0:00:00;1;0;78392
3;28.10.2020 0:00:00;1;0;79076
4;28.10.2020 0:00:00;1;0;80761
5;28.10.2020 0:00:00;1;0;83835
6;28.10.2020 0:00:00;1;0;88622
7;28.10.2020 0:00:00;1;0;91738
8;28.10.2020 0:00:00;1;0;95433
9;28.10.2020 0:00:00;1;0;96309
10;28.10.2020 0:00:00;1;0;95824
11;28.10.2020 0:00:00;1;0;94405
12;28.10.2020 0:00:00;1;0;94015
13;28.10.2020 0:00:00;1;0;93966
14;28.10.2020 0:00:00;1;0;93702
15;28.10.2020 0:00:00;1;0;94473
16;28.10.2020 0:00:00;1;0;96132
17;28.10.2020 0:00:00;1;0;98206
18;28.10.2020 0:00:00;1;0;97142
19;28.10.2020 0:00:00;1;0;95182
20;28.10.2020 0:00:00;1;0;92980
21;28.10.2020 0:00:00;1;0;89180
22;28.10.2020 0:00:00;1;0;85001
23;28.10.2020 0:00:00;1;0;82331
0;29.10.2020 0:00:00;1;0;79998
1;29.10.2020 0:00:00;1;0;79036
2;29.10.2020 0:00:00;1;0;78508
3;29.10.2020 0:00:00;1;0;78762
4;29.10.2020 0:00:00;1;0;80477
5;29.10.2020 0:00:00;1;0;83592
6;29.10.2020 0:00:00;1;0;88149
7;29.10.2020 0:00:00;1;0;91496
8;29.10.2020 0:00:00;1;0;94792
9;29.10.2020 0:00:00;1;0;95479
10;29.10.2020 0:00:00;1;0;95174
11;29.10.2020 0:00:00;1;0;94192
12;29.10.2020 0:00:00;1;0;94126
13;29.10.2020 0:00:00;1;0;94137
14;29.10.2020 0:00:00;1;0;94099
15;29.10.2020 0:00:00;1;0;95042
16;29.10.2020 0:00:00;1;0;95914
17;29.10.2020 0:00:00;1;0;97363
18;29.10.2020 0:00:00;1;0;96609
19;29.10.2020 0:00:00;1;0;94189
20;29.10.2020 0:00:00;1;0;92272
21;29.10.2020 0:00:00;1;0;89014
22;29.10.2020 0:00:00;1;0;84673
23;29.10.2020 0:00:00;1;0;82044
0;30.10.2020 0:00:00;1;0;79794
1;30.10.2020 0:00:00;1;0;78405
2;30.10.2020 0:00:00;1;0;78163
3;30.10.2020 0:00:00;1;0;78701
4;30.10.2020 0:00:00;1;0;80525
5;30.10.2020 0:00:00;1;0;83439
6;30.10.2020 0:00:00;1;0;88516
7;30.10.2020 0:00:00;1;0;91630
8;30.10.2020 0:00:00;1;0;95161
9;30.10.2020 0:00:00;1;0;96389
10;30.10.2020 0:00:00;1;0;96165
11;30.10.2020 0:00:00;1;0;95174
12;30.10.2020 0:00:00;1;0;94725
13;30.10.2020 0:00:00;1;0;94782
14;30.10.2020 0:00:00;1;0;94711
15;30.10.2020 0:00:00;1;0;95619
16;30.10.2020 0:00:00;1;0;96432
17;30.10.2020 0:00:00;1;0;97469
18;30.10.2020 0:00:00;1;0;96329
19;30.10.2020 0:00:00;1;0;94662
20;30.10.2020 0:00:00;1;0;92685
21;30.10.2020 0:00:00;1;0;89456
22;30.10.2020 0:00:00;1;0;86236
23;30.10.2020 0:00:00;1;0;82666
0;31.10.2020 0:00:00;1;0;80310
1;31.10.2020 0:00:00;1;0;78900
2;31.10.2020 0:00:00;1;0;77937
3;31.10.2020 0:00:00;1;0;78174
4;31.10.2020 0:00:00;1;0;79027
5;31.10.2020 0:00:00;1;0;80608
6;31.10.2020 0:00:00;1;0;83116
7;31.10.2020 0:00:00;1;0;85294
8;31.10.2020 0:00:00;1;0;89049
9;31.10.2020 0:00:00;1;0;91239
10;31.10.2020 0:00:00;1;0;91553
11;31.10.2020 0:00:00;1;0;91387
12;31.10.2020 0:00:00;1;0;91166
13;31.10.2020 0:00:00;1;0;91276
14;31.10.2020 0:00:00;1;0;91264
15;31.10.2020 0:00:00;1;0;92147
16;31.10.2020 0:00:00;1;0;92968
17;31.10.2020 0:00:00;1;0;95114
18;31.10.2020 0:00:00;1;0;93842
19;31.10.2020 0:00:00;1;0;91892
20;31.10.2020 0:00:00;1;0;90393
21;31.10.2020 0:00:00;1;0;87793
22;31.10.2020 0:00:00;1;0;84201
23;31.10.2020 0:00:00;1;0;81579
0;01.11.2020 0:00:00;1;0;79477
1;01.11.2020 0:00:00;1;0;78020
2;01.11.2020 0:00:00;1;0;77437
3;01.11.2020 0:00:00;1;0;77568
4;01.11.2020 0:00:00;1;0;78199
5;01.11.2020 0:00:00;1;0;79406
6;01.11.2020 0:00:00;1;0;81056
7;01.11.2020 0:00:00;1;0;83412
8;01.11.2020 0:00:00;1;0;86717
9;01.11.2020 0:00:00;1;0;89123
10;01.11.2020 0:00:00;1;0;89967
11;01.11.2020 0:00:00;1;0;89921
12;01.11.2020 0:00:00;1;0;89447
13;01.11.2020 0:00:00;1;0;89721
14;01.11.2020 0:00:00;1;0;90663
15;01.11.2020 0:00:00;1;0;91823
16;01.11.2020 0:00:00;1;0;93419
17;01.11.2020 0:00:00;1;0;95078
18;01.11.2020 0:00:00;1;0;94186
19;01.11.2020 0:00:00;1;0;92547
20;01.11.2020 0:00:00;1;0;90687
21;01.11.2020 0:00:00;1;0;87625
22;01.11.2020 0:00:00;1;0;83589
23;01.11.2020 0:00:00;1;0;81126
0;02.11.2020 0:00:00;1;0;78825
1;02.11.2020 0:00:00;1;0;78062
2;02.11.2020 0:00:00;1;0;77498
3;02.11.2020 0:00:00;1;0;77993
4;02.11.2020 0:00:00;1;0;79871
5;02.11.2020 0:00:00;1;0;83232
6;02.11.2020 0:00:00;1;0;87157
7;02.11.2020 0:00:00;1;0;91562
8;02.11.2020 0:00:00;1;0;94925
9;02.11.2020 0:00:00;1;0;96108
10;02.11.2020 0:00:00;1;0;96751
11;02.11.2020 0:00:00;1;0;96382
12;02.11.2020 0:00:00;1;0;95634
13;02.11.2020 0:00:00;1;0;96545
14;02.11.2020 0:00:00;1;0;96049
15;02.11.2020 0:00:00;1;0;96549
16;02.11.2020 0:00:00;1;0;97091
17;02.11.2020 0:00:00;1;0;98427
18;02.11.2020 0:00:00;1;0;97065
19;02.11.2020 0:00:00;1;0;94994
20;02.11.2020 0:00:00;1;0;92586
21;02.11.2020 0:00:00;1;0;89256
22;02.11.2020 0:00:00;1;0;85107
23;02.11.2020 0:00:00;1;0;82381
0;03.11.2020 0:00:00;1;0;80169
1;03.11.2020 0:00:00;1;0;78760
2;03.11.2020 0:00:00;1;0;78907
3;03.11.2020 0:00:00;1;0;79098
4;03.11.2020 0:00:00;1;0;80209
5;03.11.2020 0:00:00;1;0;84104
6;03.11.2020 0:00:00;1;0;88451
7;03.11.2020 0:00:00;1;0;91776
8;03.11.2020 0:00:00;1;0;94956
9;03.11.2020 0:00:00;1;0;96054
10;03.11.2020 0:00:00;1;0;95872
11;03.11.2020 0:00:00;1;0;95126
12;03.11.2020 0:00:00;1;0;95215
13;03.11.2020 0:00:00;1;0;94875
14;03.11.2020 0:00:00;1;0;94616
15;03.11.2020 0:00:00;1;0;95203
16;03.11.2020 0:00:00;1;0;95904
17;03.11.2020 0:00:00;1;0;97138
18;03.11.2020 0:00:00;1;0;96419
19;03.11.2020 0:00:00;1;0;94015
20;03.11.2020 0:00:00;1;0;91934
21;03.11.2020 0:00:00;1;0;89411
22;03.11.2020 0:00:00;1;0;85158
23;03.11.2020 0:00:00;1;0;81995
0;04.11.2020 0:00:00;1;0;80160
1;04.11.2020 0:00:00;1;0;78816
2;04.11.2020 0:00:00;1;0;78257
3;04.11.2020 0:00:00;1;0;78345
4;04.11.2020 0:00:00;1;0;78715
5;04.11.2020 0:00:00;1;0;81009
6;04.11.2020 0:00:00;1;0;83162
7;04.11.2020 0:00:00;1;0;85565
8;04.11.2020 0:00:00;1;0;88845
9;04.11.2020 0:00:00;1;0;90416
10;04.11.2020 0:00:00;1;0;91248
11;04.11.2020 0:00:00;1;0;91082
12;04.11.2020 0:00:00;1;0;90485
13;04.11.2020 0:00:00;1;0;90686
14;04.11.2020 0:00:00;1;0;91033
15;04.11.2020 0:00:00;1;0;92437
16;04.11.2020 0:00:00;1;0;94253
17;04.11.2020 0:00:00;1;0;95293
18;04.11.2020 0:00:00;1;0;94139
19;04.11.2020 0:00:00;1;0;92337
20;04.11.2020 0:00:00;1;0;90894
21;04.11.2020 0:00:00;1;0;87453
22;04.11.2020 0:00:00;1;0;83852
23;04.11.2020 0:00:00;1;0;81681
0;05.11.2020 0:00:00;1;0;79108
1;05.11.2020 0:00:00;1;0;77758
2;05.11.2020 0:00:00;1;0;77979
3;05.11.2020 0:00:00;1;0;78169
4;05.11.2020 0:00:00;1;0;79706
5;05.11.2020 0:00:00;1;0;83516
6;05.11.2020 0:00:00;1;0;87839
7;05.11.2020 0:00:00;1;0;91213
8;05.11.2020 0:00:00;1;0;94640
9;05.11.2020 0:00:00;1;0;96073
10;05.11.2020 0:00:00;1;0;95500
11;05.11.2020 0:00:00;1;0;95284
12;05.11.2020 0:00:00;1;0;95142
13;05.11.2020 0:00:00;1;0;95154
14;05.11.2020 0:00:00;1;0;95264
15;05.11.2020 0:00:00;1;0;95706
16;05.11.2020 0:00:00;1;0;97061
17;05.11.2020 0:00:00;1;0;97671
18;05.11.2020 0:00:00;1;0;96926
19;05.11.2020 0:00:00;1;0;95182
20;05.11.2020 0:00:00;1;0;92661
21;05.11.2020 0:00:00;1;0;89474
22;05.11.2020 0:00:00;1;0;85673
23;05.11.2020 0:00:00;1;0;82749
0;06.11.2020 0:00:00;1;0;80215
1;06.11.2020 0:00:00;1;0;79355
2;06.11.2020 0:00:00;1;0;78678
3;06.11.2020 0:00:00;1;0;78482
4;06.11.2020 0:00:00;1;0;80727
5;06.11.2020 0:00:00;1;0;84099
6;06.11.2020 0:00:00;1;0;88399
7;06.11.2020 0:00:00;1;0;91502
8;06.11.2020 0:00:00;1;0;95220
9;06.11.2020 0:00:00;1;0;95942
10;06.11.2020 0:00:00;1;0;96214
11;06.11.2020 0:00:00;1;0;95645
12;06.11.2020 0:00:00;1;0;95634
13;06.11.2020 0:00:00;1;0;95515
14;06.11.2020 0:00:00;1;0;95731
15;06.11.2020 0:00:00;1;0;96378
16;06.11.2020 0:00:00;1;0;97176
17;06.11.2020 0:00:00;1;0;98048
18;06.11.2020 0:00:00;1;0;97167
19;06.11.2020 0:00:00;1;0;95219
20;06.11.2020 0:00:00;1;0;93098
21;06.11.2020 0:00:00;1;0;90114
22;06.11.2020 0:00:00;1;0;85927
23;06.11.2020 0:00:00;1;0;82904
0;07.11.2020 0:00:00;1;0;80886
1;07.11.2020 0:00:00;1;0;79157
2;07.11.2020 0:00:00;1;0;78415
3;07.11.2020 0:00:00;1;0;79073
4;07.11.2020 0:00:00;1;0;79363
5;07.11.2020 0:00:00;1;0;81055
6;07.11.2020 0:00:00;1;0;83513
7;07.11.2020 0:00:00;1;0;86067
8;07.11.2020 0:00:00;1;0;89371
9;07.11.2020 0:00:00;1;0;91355
10;07.11.2020 0:00:00;1;0;92398
11;07.11.2020 0:00:00;1;0;92367
12;07.11.2020 0:00:00;1;0;91600
13;07.11.2020 0:00:00;1;0;91528
14;07.11.2020 0:00:00;1;0;92206
15;07.11.2020 0:00:00;1;0;92742
16;07.11.2020 0:00:00;1;0;94733
17;07.11.2020 0:00:00;1;0;96069
18;07.11.2020 0:00:00;1;0;94692
19;07.11.2020 0:00:00;1;0;92480
20;07.11.2020 0:00:00;1;0;91329
21;07.11.2020 0:00:00;1;0;88798
22;07.11.2020 0:00:00;1;0;85139
23;07.11.2020 0:00:00;1;0;82186
0;08.11.2020 0:00:00;1;0;80207
1;08.11.2020 0:00:00;1;0;78469
2;08.11.2020 0:00:00;1;0;77564
3;08.11.2020 0:00:00;1;0;77882
4;08.11.2020 0:00:00;1;0;78279
5;08.11.2020 0:00:00;1;0;80096
6;08.11.2020 0:00:00;1;0;81992
7;08.11.2020 0:00:00;1;0;83748
8;08.11.2020 0:00:00;1;0;87170
9;08.11.2020 0:00:00;1;0;89347
10;08.11.2020 0:00:00;1;0;90158
11;08.11.2020 0:00:00;1;0;90683
12;08.11.2020 0:00:00;1;0;90418
13;08.11.2020 0:00:00;1;0;90825
14;08.11.2020 0:00:00;1;0;91255
15;08.11.2020 0:00:00;1;0;92767
16;08.11.2020 0:00:00;1;0;94354
17;08.11.2020 0:00:00;1;0;95874
18;08.11.2020 0:00:00;1;0;95383
19;08.11.2020 0:00:00;1;0;93766
20;08.11.2020 0:00:00;1;0;91772
21;08.11.2020 0:00:00;1;0;88894
22;08.11.2020 0:00:00;1;0;84563
23;08.11.2020 0:00:00;1;0;81917
0;09.11.2020 0:00:00;1;0;80143
1;09.11.2020 0:00:00;1;0;79078
2;09.11.2020 0:00:00;1;0;79056
3;09.11.2020 0:00:00;1;0;79204
4;09.11.2020 0:00:00;1;0;81216
5;09.11.2020 0:00:00;1;0;84991
6;09.11.2020 0:00:00;1;0;89984
7;09.11.2020 0:00:00;1;0;93539
8;09.11.2020 0:00:00;1;0;97078
9;09.11.2020 0:00:00;1;0;97734
10;09.11.2020 0:00:00;1;0;97585
11;09.11.2020 0:00:00;1;0;96834
12;09.11.2020 0:00:00;1;0;97050
13;09.11.2020 0:00:00;1;0;96970
14;09.11.2020 0:00:00;1;0;97428
15;09.11.2020 0:00:00;1;0;98121
16;09.11.2020 0:00:00;1;0;99070
17;09.11.2020 0:00:00;1;0;99979
18;09.11.2020 0:00:00;1;0;99413
19;09.11.2020 0:00:00;1;0;97183
20;09.11.2020 0:00:00;1;0;94888
21;09.11.2020 0:00:00;1;0;91481
22;09.11.2020 0:00:00;1;0;87197
23;09.11.2020 0:00:00;1;0;83863
0;10.11.2020 0:00:00;1;0;81879
1;10.11.2020 0:00:00;1;0;80705
2;10.11.2020 0:00:00;1;0;80437
3;10.11.2020 0:00:00;1;0;80848
4;10.11.2020 0:00:00;1;0;82736
5;10.11.2020 0:00:00;1;0;86670
6;10.11.2020 0:00:00;1;0;91252
7;10.11.2020 0:00:00;1;0;94218
8;10.11.2020 0:00:00;1;0;97886
9;10.11.2020 0:00:00;1;0;98521
10;10.11.2020 0:00:00;1;0;98060
11;10.11.2020 0:00:00;1;0;98029
12;10.11.2020 0:00:00;1;0;97678
13;10.11.2020 0:00:00;1;0;97952
14;10.11.2020 0:00:00;1;0;98293
15;10.11.2020 0:00:00;1;0;98917
16;10.11.2020 0:00:00;1;0;100095
17;10.11.2020 0:00:00;1;0;100364
18;10.11.2020 0:00:00;1;0;99611
19;10.11.2020 0:00:00;1;0;97285
20;10.11.2020 0:00:00;1;0;95258
21;10.11.2020 0:00:00;1;0;91925
22;10.11.2020 0:00:00;1;0;87823
23;10.11.2020 0:00:00;1;0;84484
0;11.11.2020 0:00:00;1;0;82434
1;11.11.2020 0:00:00;1;0;81282
2;11.11.2020 0:00:00;1;0;81017
3;11.11.2020 0:00:00;1;0;81801
4;11.11.2020 0:00:00;1;0;83260
5;11.11.2020 0:00:00;1;0;87128
6;11.11.2020 0:00:00;1;0;92256
7;11.11.2020 0:00:00;1;0;95572
8;11.11.2020 0:00:00;1;0;98652
9;11.11.2020 0:00:00;1;0;99899
10;11.11.2020 0:00:00;1;0;99697
11;11.11.2020 0:00:00;1;0;98933
12;11.11.2020 0:00:00;1;0;99359
13;11.11.2020 0:00:00;1;0;99247
14;11.11.2020 0:00:00;1;0;99076
15;11.11.2020 0:00:00;1;0;99979
16;11.11.2020 0:00:00;1;0;101497
17;11.11.2020 0:00:00;1;0;101607
18;11.11.2020 0:00:00;1;0;100593
19;11.11.2020 0:00:00;1;0;97876
20;11.11.2020 0:00:00;1;0;96320
21;11.11.2020 0:00:00;1;0;92523
22;11.11.2020 0:00:00;1;0;88473
23;11.11.2020 0:00:00;1;0;85466
0;12.11.2020 0:00:00;1;0;83321
1;12.11.2020 0:00:00;1;0;82269
2;12.11.2020 0:00:00;1;0;81681
3;12.11.2020 0:00:00;1;0;81641
4;12.11.2020 0:00:00;1;0;83721
5;12.11.2020 0:00:00;1;0;87637
6;12.11.2020 0:00:00;1;0;92920
7;12.11.2020 0:00:00;1;0;96297
8;12.11.2020 0:00:00;1;0;99312
9;12.11.2020 0:00:00;1;0;100399
10;12.11.2020 0:00:00;1;0;99940
11;12.11.2020 0:00:00;1;0;99462
12;12.11.2020 0:00:00;1;0;99347
13;12.11.2020 0:00:00;1;0;99800
14;12.11.2020 0:00:00;1;0;99823
15;12.11.2020 0:00:00;1;0;100764
16;12.11.2020 0:00:00;1;0;102390
17;12.11.2020 0:00:00;1;0;102296
18;12.11.2020 0:00:00;1;0;101424
19;12.11.2020 0:00:00;1;0;98916
20;12.11.2020 0:00:00;1;0;97095
21;12.11.2020 0:00:00;1;0;93927
22;12.11.2020 0:00:00;1;0;89540
23;12.11.2020 0:00:00;1;0;86132
0;13.11.2020 0:00:00;1;0;84155
1;13.11.2020 0:00:00;1;0;82937
2;13.11.2020 0:00:00;1;0;82737
3;13.11.2020 0:00:00;1;0;83136
4;13.11.2020 0:00:00;1;0;84830
5;13.11.2020 0:00:00;1;0;88850
6;13.11.2020 0:00:00;1;0;93391
7;13.11.2020 0:00:00;1;0;97114
8;13.11.2020 0:00:00;1;0;100339
9;13.11.2020 0:00:00;1;0;101089
10;13.11.2020 0:00:00;1;0;100929
11;13.11.2020 0:00:00;1;0;100099
12;13.11.2020 0:00:00;1;0;100177
13;13.11.2020 0:00:00;1;0;100281
14;13.11.2020 0:00:00;1;0;100400
15;13.11.2020 0:00:00;1;0;100746
16;13.11.2020 0:00:00;1;0;102243
17;13.11.2020 0:00:00;1;0;102159
18;13.11.2020 0:00:00;1;0;101067
19;13.11.2020 0:00:00;1;0;98944
20;13.11.2020 0:00:00;1;0;97362
21;13.11.2020 0:00:00;1;0;94647
22;13.11.2020 0:00:00;1;0;90564
23;13.11.2020 0:00:00;1;0;87757
0;14.11.2020 0:00:00;1;0;85035
1;14.11.2020 0:00:00;1;0;83404
2;14.11.2020 0:00:00;1;0;82890
3;14.11.2020 0:00:00;1;0;83005
4;14.11.2020 0:00:00;1;0;83733
5;14.11.2020 0:00:00;1;0;85637
6;14.11.2020 0:00:00;1;0;88168
7;14.11.2020 0:00:00;1;0;91418
8;14.11.2020 0:00:00;1;0;95074
9;14.11.2020 0:00:00;1;0;97069
10;14.11.2020 0:00:00;1;0;97118
11;14.11.2020 0:00:00;1;0;96914
12;14.11.2020 0:00:00;1;0;96607
13;14.11.2020 0:00:00;1;0;96762
14;14.11.2020 0:00:00;1;0;97225
15;14.11.2020 0:00:00;1;0;98517
16;14.11.2020 0:00:00;1;0;100512
17;14.11.2020 0:00:00;1;0;100632
18;14.11.2020 0:00:00;1;0;99266
19;14.11.2020 0:00:00;1;0;97244
20;14.11.2020 0:00:00;1;0;95725
21;14.11.2020 0:00:00;1;0;92961
22;14.11.2020 0:00:00;1;0;89586
23;14.11.2020 0:00:00;1;0;87172
0;15.11.2020 0:00:00;1;0;84640
1;15.11.2020 0:00:00;1;0;83211
2;15.11.2020 0:00:00;1;0;82627
3;15.11.2020 0:00:00;1;0;82694
4;15.11.2020 0:00:00;1;0;83384
5;15.11.2020 0:00:00;1;0;85024
6;15.11.2020 0:00:00;1;0;86903
7;15.11.2020 0:00:00;1;0;89288
8;15.11.2020 0:00:00;1;0;92763
9;15.11.2020 0:00:00;1;0;94728
10;15.11.2020 0:00:00;1;0;95436
11;15.11.2020 0:00:00;1;0;96039
12;15.11.2020 0:00:00;1;0;95580
13;15.11.2020 0:00:00;1;0;95939
14;15.11.2020 0:00:00;1;0;96629
15;15.11.2020 0:00:00;1;0;98197
16;15.11.2020 0:00:00;1;0;100850
17;15.11.2020 0:00:00;1;0;100969
18;15.11.2020 0:00:00;1;0;100014
19;15.11.2020 0:00:00;1;0;98298
20;15.11.2020 0:00:00;1;0;96435
21;15.11.2020 0:00:00;1;0;93212
22;15.11.2020 0:00:00;1;0;89742
23;15.11.2020 0:00:00;1;0;86994
0;16.11.2020 0:00:00;1;0;84736
1;16.11.2020 0:00:00;1;0;83659
2;16.11.2020 0:00:00;1;0;83477
3;16.11.2020 0:00:00;1;0;83576
4;16.11.2020 0:00:00;1;0;85575
5;16.11.2020 0:00:00;1;0;89675
6;16.11.2020 0:00:00;1;0;95603
7;16.11.2020 0:00:00;1;0;99242
8;16.11.2020 0:00:00;1;0;103024
9;16.11.2020 0:00:00;1;0;104333
10;16.11.2020 0:00:00;1;0;104321
11;16.11.2020 0:00:00;1;0;103049
12;16.11.2020 0:00:00;1;0;103477
13;16.11.2020 0:00:00;1;0;103345
14;16.11.2020 0:00:00;1;0;103000
15;16.11.2020 0:00:00;1;0;104205
16;16.11.2020 0:00:00;1;0;105749
17;16.11.2020 0:00:00;1;0;105178
18;16.11.2020 0:00:00;1;0;103815
19;16.11.2020 0:00:00;1;0;101813
20;16.11.2020 0:00:00;1;0;99704
21;16.11.2020 0:00:00;1;0;96355
22;16.11.2020 0:00:00;1;0;92202
23;16.11.2020 0:00:00;1;0;88904
0;17.11.2020 0:00:00;1;0;86595
1;17.11.2020 0:00:00;1;0;85346
2;17.11.2020 0:00:00;1;0;85001
3;17.11.2020 0:00:00;1;0;85810
4;17.11.2020 0:00:00;1;0;87486
5;17.11.2020 0:00:00;1;0;91076
6;17.11.2020 0:00:00;1;0;96551
7;17.11.2020 0:00:00;1;0;100218
8;17.11.2020 0:00:00;1;0;104172
9;17.11.2020 0:00:00;1;0;104559
10;17.11.2020 0:00:00;1;0;104431
11;17.11.2020 0:00:00;1;0;103691
12;17.11.2020 0:00:00;1;0;103345
13;17.11.2020 0:00:00;1;0;103465
14;17.11.2020 0:00:00;1;0;103497
15;17.11.2020 0:00:00;1;0;104210
16;17.11.2020 0:00:00;1;0;106470
17;17.11.2020 0:00:00;1;0;105741
18;17.11.2020 0:00:00;1;0;104728
19;17.11.2020 0:00:00;1;0;102319
20;17.11.2020 0:00:00;1;0;100434
21;17.11.2020 0:00:00;1;0;97067
22;17.11.2020 0:00:00;1;0;92081
23;17.11.2020 0:00:00;1;0;89496
0;18.11.2020 0:00:00;1;0;87375
1;18.11.2020 0:00:00;1;0;86144
2;18.11.2020 0:00:00;1;0;85692
3;18.11.2020 0:00:00;1;0;85814
4;18.11.2020 0:00:00;1;0;87765
5;18.11.2020 0:00:00;1;0;91849
6;18.11.2020 0:00:00;1;0;97166
7;18.11.2020 0:00:00;1;0;101551
8;18.11.2020 0:00:00;1;0;105062
9;18.11.2020 0:00:00;1;0;105829
10;18.11.2020 0:00:00;1;0;105566
11;18.11.2020 0:00:00;1;0;105131
12;18.11.2020 0:00:00;1;0;104591
13;18.11.2020 0:00:00;1;0;105036
14;18.11.2020 0:00:00;1;0;105014
15;18.11.2020 0:00:00;1;0;106220
16;18.11.2020 0:00:00;1;0;107053
17;18.11.2020 0:00:00;1;0;106762
18;18.11.2020 0:00:00;1;0;105329
19;18.11.2020 0:00:00;1;0;102844
20;18.11.2020 0:00:00;1;0;101209
21;18.11.2020 0:00:00;1;0;97874
22;18.11.2020 0:00:00;1;0;93490
23;18.11.2020 0:00:00;1;0;90132
0;19.11.2020 0:00:00;1;0;87864
1;19.11.2020 0:00:00;1;0;86813
2;19.11.2020 0:00:00;1;0;85887
3;19.11.2020 0:00:00;1;0;86325
4;19.11.2020 0:00:00;1;0;88280
5;19.11.2020 0:00:00;1;0;92041
6;19.11.2020 0:00:00;1;0;97057
7;19.11.2020 0:00:00;1;0;101254
8;19.11.2020 0:00:00;1;0;104151
9;19.11.2020 0:00:00;1;0;105596
10;19.11.2020 0:00:00;1;0;105735
11;19.11.2020 0:00:00;1;0;105031
12;19.11.2020 0:00:00;1;0;104649
13;19.11.2020 0:00:00;1;0;104921
14;19.11.2020 0:00:00;1;0;104869
15;19.11.2020 0:00:00;1;0;105685
16;19.11.2020 0:00:00;1;0;107506
17;19.11.2020 0:00:00;1;0;106531
18;19.11.2020 0:00:00;1;0;105398
19;19.11.2020 0:00:00;1;0;102728
20;19.11.2020 0:00:00;1;0;100479
21;19.11.2020 0:00:00;1;0;97231
22;19.11.2020 0:00:00;1;0;92913
23;19.11.2020 0:00:00;1;0;89613
0;20.11.2020 0:00:00;1;0;87688
1;20.11.2020 0:00:00;1;0;86177
2;20.11.2020 0:00:00;1;0;86137
3;20.11.2020 0:00:00;1;0;86239
4;20.11.2020 0:00:00;1;0;88086
5;20.11.2020 0:00:00;1;0;92111
6;20.11.2020 0:00:00;1;0;97306
7;20.11.2020 0:00:00;1;0;101386
8;20.11.2020 0:00:00;1;0;104741
9;20.11.2020 0:00:00;1;0;106129
10;20.11.2020 0:00:00;1;0;105932
11;20.11.2020 0:00:00;1;0;105276
12;20.11.2020 0:00:00;1;0;105289
13;20.11.2020 0:00:00;1;0;105000
14;20.11.2020 0:00:00;1;0;105236
15;20.11.2020 0:00:00;1;0;105419
16;20.11.2020 0:00:00;1;0;106996
17;20.11.2020 0:00:00;1;0;106065
18;20.11.2020 0:00:00;1;0;104933
19;20.11.2020 0:00:00;1;0;102579
20;20.11.2020 0:00:00;1;0;100515
21;20.11.2020 0:00:00;1;0;97512
22;20.11.2020 0:00:00;1;0;93041
23;20.11.2020 0:00:00;1;0;90193
0;21.11.2020 0:00:00;1;0;87431
1;21.11.2020 0:00:00;1;0;86143
2;21.11.2020 0:00:00;1;0;85349
3;21.11.2020 0:00:00;1;0;84944
4;21.11.2020 0:00:00;1;0;86106
5;21.11.2020 0:00:00;1;0;88019
6;21.11.2020 0:00:00;1;0;90857
7;21.11.2020 0:00:00;1;0;94062
8;21.11.2020 0:00:00;1;0;97284
9;21.11.2020 0:00:00;1;0;99492
10;21.11.2020 0:00:00;1;0;100094
11;21.11.2020 0:00:00;1;0;99926
12;21.11.2020 0:00:00;1;0;99803
13;21.11.2020 0:00:00;1;0;99426
14;21.11.2020 0:00:00;1;0;100251
15;21.11.2020 0:00:00;1;0;101551
16;21.11.2020 0:00:00;1;0;103259
17;21.11.2020 0:00:00;1;0;103045
18;21.11.2020 0:00:00;1;0;101770
19;21.11.2020 0:00:00;1;0;99598
20;21.11.2020 0:00:00;1;0;97968
21;21.11.2020 0:00:00;1;0;95249
22;21.11.2020 0:00:00;1;0;91793
23;21.11.2020 0:00:00;1;0;88535
0;22.11.2020 0:00:00;1;0;86864
1;22.11.2020 0:00:00;1;0;85047
2;22.11.2020 0:00:00;1;0;84112
3;22.11.2020 0:00:00;1;0;84446
4;22.11.2020 0:00:00;1;0;84636
5;22.11.2020 0:00:00;1;0;86121
6;22.11.2020 0:00:00;1;0;88226
7;22.11.2020 0:00:00;1;0;90582
8;22.11.2020 0:00:00;1;0;94370
9;22.11.2020 0:00:00;1;0;97064
10;22.11.2020 0:00:00;1;0;97870
11;22.11.2020 0:00:00;1;0;98420
12;22.11.2020 0:00:00;1;0;98607
13;22.11.2020 0:00:00;1;0;98787
14;22.11.2020 0:00:00;1;0;99583
15;22.11.2020 0:00:00;1;0;100982
16;22.11.2020 0:00:00;1;0;103311
17;22.11.2020 0:00:00;1;0;102669
18;22.11.2020 0:00:00;1;0;102106
19;22.11.2020 0:00:00;1;0;100292
20;22.11.2020 0:00:00;1;0;98571
21;22.11.2020 0:00:00;1;0;95224
22;22.11.2020 0:00:00;1;0;91160
23;22.11.2020 0:00:00;1;0;88001
0;23.11.2020 0:00:00;1;0;86659
1;23.11.2020 0:00:00;1;0;85364
2;23.11.2020 0:00:00;1;0;84907
3;23.11.2020 0:00:00;1;0;85312
4;23.11.2020 0:00:00;1;0;87252
5;23.11.2020 0:00:00;1;0;91397
6;23.11.2020 0:00:00;1;0;96887
7;23.11.2020 0:00:00;1;0;101251
8;23.11.2020 0:00:00;1;0;104628
9;23.11.2020 0:00:00;1;0;105964
10;23.11.2020 0:00:00;1;0;105537
11;23.11.2020 0:00:00;1;0;104341
12;23.11.2020 0:00:00;1;0;104548
13;23.11.2020 0:00:00;1;0;104620
14;23.11.2020 0:00:00;1;0;104517
15;23.11.2020 0:00:00;1;0;105573
16;23.11.2020 0:00:00;1;0;106484
17;23.11.2020 0:00:00;1;0;105648
18;23.11.2020 0:00:00;1;0;104445
19;23.11.2020 0:00:00;1;0;102411
20;23.11.2020 0:00:00;1;0;99848
21;23.11.2020 0:00:00;1;0;96718
22;23.11.2020 0:00:00;1;0;91877
23;23.11.2020 0:00:00;1;0;88608
0;24.11.2020 0:00:00;1;0;86695
1;24.11.2020 0:00:00;1;0;85422
2;24.11.2020 0:00:00;1;0;85045
3;24.11.2020 0:00:00;1;0;85376
4;24.11.2020 0:00:00;1;0;86838
5;24.11.2020 0:00:00;1;0;91137
6;24.11.2020 0:00:00;1;0;96538
7;24.11.2020 0:00:00;1;0;100283
8;24.11.2020 0:00:00;1;0;103488
9;24.11.2020 0:00:00;1;0;104329
10;24.11.2020 0:00:00;1;0;104027
11;24.11.2020 0:00:00;1;0;103614
12;24.11.2020 0:00:00;1;0;103505
13;24.11.2020 0:00:00;1;0;103773
14;24.11.2020 0:00:00;1;0;103813
15;24.11.2020 0:00:00;1;0;104958
16;24.11.2020 0:00:00;1;0;105760
17;24.11.2020 0:00:00;1;0;104925
18;24.11.2020 0:00:00;1;0;104089
19;24.11.2020 0:00:00;1;0;101660
20;24.11.2020 0:00:00;1;0;99818
21;24.11.2020 0:00:00;1;0;96259
22;24.11.2020 0:00:00;1;0;92091
23;24.11.2020 0:00:00;1;0;89078
0;25.11.2020 0:00:00;1;0;86871
1;25.11.2020 0:00:00;1;0;85493
2;25.11.2020 0:00:00;1;0;85130
3;25.11.2020 0:00:00;1;0;85442
4;25.11.2020 0:00:00;1;0;87188
5;25.11.2020 0:00:00;1;0;91601
6;25.11.2020 0:00:00;1;0;96559
7;25.11.2020 0:00:00;1;0;100247
8;25.11.2020 0:00:00;1;0;103531
9;25.11.2020 0:00:00;1;0;104528
10;25.11.2020 0:00:00;1;0;104101
11;25.11.2020 0:00:00;1;0;103141
12;25.11.2020 0:00:00;1;0;102829
13;25.11.2020 0:00:00;1;0;103450
14;25.11.2020 0:00:00;1;0;103464
15;25.11.2020 0:00:00;1;0;104732
16;25.11.2020 0:00:00;1;0;105646
17;25.11.2020 0:00:00;1;0;105202
18;25.11.2020 0:00:00;1;0;104139
19;25.11.2020 0:00:00;1;0;101608
20;25.11.2020 0:00:00;1;0;99516
21;25.11.2020 0:00:00;1;0;96465
22;25.11.2020 0:00:00;1;0;92482
23;25.11.2020 0:00:00;1;0;89266
0;26.11.2020 0:00:00;1;0;87223
1;26.11.2020 0:00:00;1;0;85634
2;26.11.2020 0:00:00;1;0;85184
3;26.11.2020 0:00:00;1;0;85853
4;26.11.2020 0:00:00;1;0;87847
5;26.11.2020 0:00:00;1;0;91572
6;26.11.2020 0:00:00;1;0;96697
7;26.11.2020 0:00:00;1;0;100466
8;26.11.2020 0:00:00;1;0;103799
9;26.11.2020 0:00:00;1;0;104330
10;26.11.2020 0:00:00;1;0;103926
11;26.11.2020 0:00:00;1;0;103651
12;26.11.2020 0:00:00;1;0;103246
13;26.11.2020 0:00:00;1;0;103713
14;26.11.2020 0:00:00;1;0;104255
15;26.11.2020 0:00:00;1;0;104918
16;26.11.2020 0:00:00;1;0;106142
17;26.11.2020 0:00:00;1;0;105528
18;26.11.2020 0:00:00;1;0;104413
19;26.11.2020 0:00:00;1;0;102337
20;26.11.2020 0:00:00;1;0;100532
21;26.11.2020 0:00:00;1;0;97085
22;26.11.2020 0:00:00;1;0;92911
23;26.11.2020 0:00:00;1;0;89744
0;27.11.2020 0:00:00;1;0;87329
1;27.11.2020 0:00:00;1;0;85954
2;27.11.2020 0:00:00;1;0;85498
3;27.11.2020 0:00:00;1;0;86317
4;27.11.2020 0:00:00;1;0;88143
5;27.11.2020 0:00:00;1;0;92132
6;27.11.2020 0:00:00;1;0;97338
7;27.11.2020 0:00:00;1;0;101137
8;27.11.2020 0:00:00;1;0;104224
9;27.11.2020 0:00:00;1;0;104914
10;27.11.2020 0:00:00;1;0;104826
11;27.11.2020 0:00:00;1;0;104194
12;27.11.2020 0:00:00;1;0;104091
13;27.11.2020 0:00:00;1;0;104334
14;27.11.2020 0:00:00;1;0;104635
15;27.11.2020 0:00:00;1;0;105594
16;27.11.2020 0:00:00;1;0;106331
17;27.11.2020 0:00:00;1;0;105679
18;27.11.2020 0:00:00;1;0;104301
19;27.11.2020 0:00:00;1;0;102139
20;27.11.2020 0:00:00;1;0;99942
21;27.11.2020 0:00:00;1;0;98026
22;27.11.2020 0:00:00;1;0;93901
23;27.11.2020 0:00:00;1;0;0
0;28.11.2020 0:00:00;1;0;0
1;28.11.2020 0:00:00;1;0;0
2;28.11.2020 0:00:00;1;0;0
3;28.11.2020 0:00:00;1;0;0
4;28.11.2020 0:00:00;1;0;0
5;28.11.2020 0:00:00;1;0;0
6;28.11.2020 0:00:00;1;0;0
7;28.11.2020 0:00:00;1;0;0
8;28.11.2020 0:00:00;1;0;0
9;28.11.2020 0:00:00;1;0;0
10;28.11.2020 0:00:00;1;0;0
11;28.11.2020 0:00:00;1;0;0
12;28.11.2020 0:00:00;1;0;0
13;28.11.2020 0:00:00;1;0;0
14;28.11.2020 0:00:00;1;0;0
15;28.11.2020 0:00:00;1;0;0
16;28.11.2020 0:00:00;1;0;0
17;28.11.2020 0:00:00;1;0;0
18;28.11.2020 0:00:00;1;0;0
19;28.11.2020 0:00:00;1;0;0
20;28.11.2020 0:00:00;1;0;0
21;28.11.2020 0:00:00;1;0;0
22;28.11.2020 0:00:00;1;0;0
23;28.11.2020 0:00:00;;;
